Quarter,region,Sexual offences,"Attempts/threats to murder, assaults, harassments and related offences",Driving/in charge of a vehicle while over legal alcohol limit,Driving/in charge of a vehicle under the influence of drugs,Endangering traffic offences,"Robbery, extortion and hijacking offences",Burglary and related offences,Theft and related offences,Theft/taking of vehicle and related offences,Controlled drug offences,Public order and other social code offences,Disorderly conduct
2009Q1,Cavan/Monaghan,13,192,194,4,1,2,135,284,52,55,427,384
2009Q1,Donegal,12,232,159,1,2,8,116,366,79,97,594,534
2009Q1,Sligo/Leitrim,12,112,93,1,1,6,107,219,19,55,268,236
2009Q1,Louth,14,136,146,1,2,14,210,514,118,130,374,332
2009Q1,Clare,9,106,87,11,0,7,93,310,33,97,367,319
2009Q1,Mayo,11,158,94,1,1,3,98,293,39,50,305,264
2009Q1,Galway,18,224,200,6,6,14,250,753,89,120,955,873
2009Q1,Roscommon/Longford,10,129,73,2,0,3,127,234,18,39,197,151
2009Q1,Cork City,23,312,167,7,2,27,220,1210,178,374,1058,966
2009Q1,Cork North,8,109,131,11,0,1,73,280,54,155,356,306
2009Q1,Cork West,11,108,72,3,4,0,61,222,19,125,309,264
2009Q1,Kerry,13,157,106,3,0,4,90,310,36,130,509,452
2009Q1,Limerick,29,234,172,17,3,35,359,1024,236,272,818,691
2009Q1,Laois/Offaly,19,136,86,7,9,11,184,460,99,154,315,253
2009Q1,Meath,29,138,148,12,3,25,213,628,145,185,328,265
2009Q1,Wicklow,11,151,99,12,1,11,247,601,95,227,425,375
2009Q1,Westmeath,11,95,90,10,0,14,109,315,40,74,314,286
2009Q1,Kildare,21,178,130,4,8,37,368,725,181,142,339,284
2009Q1,Tipperary,14,152,142,27,4,5,152,341,38,188,350,310
2009Q1,Wexford,11,117,116,11,4,3,174,451,67,168,369,299
2009Q1,Kilkenny/Carlow,11,146,138,7,0,17,297,543,67,157,387,338
2009Q1,Waterford,18,167,105,8,0,10,181,482,68,325,585,503
2009Q1,D.M.R. South Central,12,262,113,11,6,71,421,1542,126,371,1128,1011
2009Q1,D.M.R. North Central,16,171,93,14,2,62,275,1560,209,275,825,667
2009Q1,D.M.R. Northern,32,287,262,17,0,84,555,1414,376,554,978,811
2009Q1,D.M.R. Southern,17,221,169,16,5,64,597,1145,341,495,670,556
2009Q1,D.M.R. Eastern,9,129,79,3,4,22,333,764,114,161,576,513
2009Q1,D.M.R. Western,23,217,288,20,3,89,479,1845,600,587,760,651
2009Q2,Cavan/Monaghan,6,150,154,9,1,4,128,280,47,65,455,412
2009Q2,Donegal,16,244,150,0,3,2,135,331,60,187,572,498
2009Q2,Sligo/Leitrim,5,104,96,0,0,2,91,265,25,56,285,242
2009Q2,Louth,52,156,139,2,2,11,256,613,154,143,494,414
2009Q2,Clare,12,138,70,9,1,4,137,300,47,108,395,352
2009Q2,Mayo,3,144,92,1,1,5,91,301,34,56,330,279
2009Q2,Galway,21,225,195,2,2,8,306,757,81,94,952,862
2009Q2,Roscommon/Longford,2,83,56,1,0,5,125,263,42,53,196,156
2009Q2,Cork City,22,292,153,6,0,36,254,1165,143,423,1025,918
2009Q2,Cork North,7,131,135,11,1,4,76,270,27,136,363,323
2009Q2,Cork West,7,120,82,3,2,5,69,218,29,144,302,256
2009Q2,Kerry,8,139,92,2,4,9,106,281,36,103,469,415
2009Q2,Limerick,21,239,128,15,1,34,378,1131,222,222,704,597
2009Q2,Laois/Offaly,9,153,86,10,2,7,154,507,89,273,324,280
2009Q2,Meath,7,132,122,7,2,11,257,591,123,178,331,274
2009Q2,Wicklow,11,164,113,10,3,16,253,665,110,179,410,359
2009Q2,Westmeath,10,122,73,10,3,4,128,276,47,81,239,220
2009Q2,Kildare,13,178,102,5,1,38,395,790,159,132,305,265
2009Q2,Tipperary,13,134,120,23,5,7,173,324,53,188,408,368
2009Q2,Wexford,11,148,120,9,2,7,180,457,58,137,362,291
2009Q2,Kilkenny/Carlow,10,164,119,7,0,12,264,544,90,138,460,391
2009Q2,Waterford,12,163,81,7,1,15,198,539,87,195,531,449
2009Q2,D.M.R. South Central,17,232,115,10,4,58,452,1608,113,350,1111,984
2009Q2,D.M.R. North Central,15,173,104,9,3,70,274,1662,175,344,712,578
2009Q2,D.M.R. Northern,34,270,297,24,4,67,511,1551,368,434,970,817
2009Q2,D.M.R. Southern,21,240,128,15,1,56,576,1159,313,441,527,425
2009Q2,D.M.R. Eastern,20,116,68,5,5,10,273,869,110,152,495,412
2009Q2,D.M.R. Western,35,257,260,35,10,85,481,1818,538,591,719,598
2009Q3,Cavan/Monaghan,15,153,136,3,2,2,119,315,47,59,383,330
2009Q3,Donegal,11,226,137,0,4,6,143,400,62,102,524,438
2009Q3,Sligo/Leitrim,8,107,58,2,3,5,91,291,32,57,272,235
2009Q3,Louth,48,146,140,1,1,15,233,584,122,148,415,343
2009Q3,Clare,1,124,80,4,4,9,111,336,39,103,331,289
2009Q3,Mayo,8,134,83,1,1,1,113,302,34,43,362,321
2009Q3,Galway,12,235,154,5,1,4,370,779,95,114,861,770
2009Q3,Roscommon/Longford,5,87,60,1,1,2,147,213,36,47,201,152
2009Q3,Cork City,19,267,154,9,0,26,237,1136,152,327,1016,924
2009Q3,Cork North,11,124,104,5,0,1,78,255,26,153,395,342
2009Q3,Cork West,7,101,53,3,1,1,61,203,15,93,276,224
2009Q3,Kerry,10,143,99,2,1,10,89,301,36,139,600,523
2009Q3,Limerick,17,249,126,18,0,42,425,1068,234,250,720,604
2009Q3,Laois/Offaly,8,137,70,5,1,6,197,445,89,106,313,269
2009Q3,Meath,9,136,111,9,4,11,234,639,153,104,289,238
2009Q3,Wicklow,9,142,82,5,3,13,312,554,75,161,395,334
2009Q3,Westmeath,4,90,81,9,2,10,139,317,28,68,251,217
2009Q3,Kildare,11,176,110,2,2,43,451,749,161,159,296,259
2009Q3,Tipperary,13,141,126,16,3,11,199,341,52,189,456,402
2009Q3,Wexford,13,135,94,8,0,4,226,474,61,87,322,264
2009Q3,Kilkenny/Carlow,12,212,96,5,0,17,277,592,80,126,487,401
2009Q3,Waterford,13,162,66,4,2,17,218,567,56,251,472,416
2009Q3,D.M.R. South Central,17,224,103,8,9,60,425,1650,103,366,1104,979
2009Q3,D.M.R. North Central,5,204,81,4,5,79,252,1667,168,324,705,590
2009Q3,D.M.R. Northern,31,306,220,27,4,69,637,1729,390,519,856,702
2009Q3,D.M.R. Southern,10,191,138,13,2,46,583,1142,296,489,557,458
2009Q3,D.M.R. Eastern,4,114,80,3,2,16,375,833,110,177,502,456
2009Q3,D.M.R. Western,31,234,233,33,7,89,487,1947,571,629,666,561
2009Q4,Cavan/Monaghan,12,184,123,6,1,3,107,277,49,54,406,355
2009Q4,Donegal,11,225,99,2,3,3,134,357,54,94,561,492
2009Q4,Sligo/Leitrim,6,96,65,2,1,6,85,243,21,48,246,217
2009Q4,Louth,30,146,130,3,1,13,251,546,117,118,470,414
2009Q4,Clare,7,110,72,8,2,9,99,249,29,104,338,290
2009Q4,Mayo,5,125,83,1,1,7,100,246,25,59,341,287
2009Q4,Galway,17,214,153,3,4,10,285,732,76,122,873,782
2009Q4,Roscommon/Longford,3,114,41,1,0,6,133,225,47,41,193,163
2009Q4,Cork City,26,273,154,9,2,25,225,1071,134,313,1102,993
2009Q4,Cork North,1,92,108,8,0,4,86,280,26,148,395,341
2009Q4,Cork West,8,82,66,2,1,4,65,237,29,109,245,206
2009Q4,Kerry,5,133,81,0,0,4,84,267,18,100,486,422
2009Q4,Limerick,16,233,164,10,3,26,370,1096,266,217,730,625
2009Q4,Laois/Offaly,6,166,71,4,1,14,164,427,65,102,348,301
2009Q4,Meath,8,137,115,4,2,15,242,679,166,87,268,225
2009Q4,Wicklow,9,112,94,4,4,12,287,527,54,175,410,354
2009Q4,Westmeath,2,90,69,5,0,6,148,317,33,63,278,248
2009Q4,Kildare,15,204,114,2,1,39,430,699,136,346,321,267
2009Q4,Tipperary,12,146,118,14,3,6,158,372,59,156,414,366
2009Q4,Wexford,8,119,97,4,2,7,159,370,54,130,321,280
2009Q4,Kilkenny/Carlow,12,182,101,5,3,13,236,536,90,143,466,390
2009Q4,Waterford,11,167,71,9,3,22,172,518,54,219,472,417
2009Q4,D.M.R. South Central,15,229,92,7,3,81,453,1633,103,251,1083,951
2009Q4,D.M.R. North Central,6,182,79,9,2,84,302,1564,180,289,750,596
2009Q4,D.M.R. Northern,28,295,220,21,4,82,682,1469,296,498,892,722
2009Q4,D.M.R. Southern,19,207,150,9,5,61,648,1107,282,474,563,486
2009Q4,D.M.R. Eastern,14,131,68,2,3,17,424,762,84,148,500,432
2009Q4,D.M.R. Western,16,236,220,23,4,90,522,1906,529,502,651,552
2010Q1,Cavan/Monaghan,34,188,135,1,5,3,133,295,49,53,351,303
2010Q1,Donegal,20,220,105,2,2,6,102,259,54,54,533,462
2010Q1,Sligo/Leitrim,10,86,66,0,1,5,79,229,16,41,229,189
2010Q1,Louth,17,164,95,6,2,26,248,575,115,145,425,379
2010Q1,Clare,17,95,73,3,0,7,107,268,29,95,308,275
2010Q1,Mayo,18,114,59,2,0,5,93,239,20,49,332,283
2010Q1,Galway,45,198,153,2,1,14,290,693,71,119,920,820
2010Q1,Roscommon/Longford,7,109,53,0,3,6,96,216,24,38,154,118
2010Q1,Cork City,31,248,136,4,3,32,225,1038,104,302,967,885
2010Q1,Cork North,26,98,92,6,0,2,83,251,26,147,348,296
2010Q1,Cork West,7,81,93,2,1,4,57,168,14,116,237,204
2010Q1,Kerry,23,145,110,3,4,6,104,291,26,119,512,453
2010Q1,Limerick,31,239,128,13,2,55,289,1164,230,295,709,615
2010Q1,Laois/Offaly,12,114,68,6,2,12,173,469,63,156,327,269
2010Q1,Meath,15,134,88,4,4,17,203,615,124,103,273,225
2010Q1,Wicklow,17,147,66,2,1,14,292,506,56,138,369,304
2010Q1,Westmeath,11,85,73,1,1,10,125,319,38,53,257,214
2010Q1,Kildare,28,155,86,2,4,39,378,619,152,124,338,239
2010Q1,Tipperary,41,105,103,10,2,2,150,358,55,143,373,335
2010Q1,Wexford,21,127,77,5,1,10,203,440,54,111,284,235
2010Q1,Kilkenny/Carlow,22,159,86,2,2,5,275,585,68,161,501,396
2010Q1,Waterford,13,139,69,3,2,22,171,493,35,165,406,350
2010Q1,D.M.R. South Central,18,249,68,9,5,112,343,1668,104,236,1034,925
2010Q1,D.M.R. North Central,17,219,82,7,1,133,235,1809,161,287,726,581
2010Q1,D.M.R. Northern,47,260,188,12,2,85,493,1477,317,499,766,639
2010Q1,D.M.R. Southern,44,207,121,8,2,65,566,1023,260,371,544,445
2010Q1,D.M.R. Eastern,10,132,72,8,7,25,345,699,91,179,471,404
2010Q1,D.M.R. Western,102,403,197,26,12,111,501,1849,554,596,806,690
2010Q2,Cavan/Monaghan,27,199,105,3,1,6,124,316,58,62,368,334
2010Q2,Donegal,31,209,104,2,3,3,115,344,69,153,496,437
2010Q2,Sligo/Leitrim,9,86,49,1,3,1,76,241,21,46,215,178
2010Q2,Louth,16,116,87,5,1,21,253,626,137,124,464,400
2010Q2,Clare,16,127,61,2,2,7,100,287,33,122,350,316
2010Q2,Mayo,11,117,66,1,0,4,114,220,18,44,339,291
2010Q2,Galway,29,219,151,7,2,7,287,698,68,132,776,683
2010Q2,Roscommon/Longford,17,87,51,1,2,3,129,231,23,39,182,146
2010Q2,Cork City,34,285,138,5,2,25,239,1056,136,292,1142,1040
2010Q2,Cork North,8,113,112,12,0,3,86,282,25,133,334,293
2010Q2,Cork West,9,95,56,1,0,4,66,183,22,120,279,240
2010Q2,Kerry,42,133,105,5,2,7,92,311,43,141,618,550
2010Q2,Limerick,30,240,114,12,5,40,359,1002,193,276,724,615
2010Q2,Laois/Offaly,13,152,64,3,0,6,170,468,63,195,298,235
2010Q2,Meath,11,131,96,2,0,12,242,669,151,98,272,214
2010Q2,Wicklow,16,147,64,5,2,11,237,625,80,202,318,279
2010Q2,Westmeath,11,93,57,1,2,7,151,310,35,125,259,230
2010Q2,Kildare,33,192,75,5,2,36,327,674,120,84,331,274
2010Q2,Tipperary,25,124,108,18,1,10,135,410,60,142,394,358
2010Q2,Wexford,18,122,67,2,1,3,175,356,37,116,336,280
2010Q2,Kilkenny/Carlow,20,191,86,4,2,12,224,527,68,169,498,419
2010Q2,Waterford,12,165,65,4,1,21,221,613,75,206,466,406
2010Q2,D.M.R. South Central,11,273,70,12,4,126,356,1745,98,232,1102,986
2010Q2,D.M.R. North Central,19,198,57,3,2,118,305,1908,133,301,759,583
2010Q2,D.M.R. Northern,41,285,180,11,4,90,523,1569,304,484,822,653
2010Q2,D.M.R. Southern,72,192,107,12,2,64,604,1160,264,409,545,446
2010Q2,D.M.R. Eastern,16,132,59,3,2,31,317,906,109,148,394,329
2010Q2,D.M.R. Western,27,269,182,18,7,124,499,1900,528,587,791,681
2010Q3,Cavan/Monaghan,35,195,114,1,1,2,130,283,32,89,389,345
2010Q3,Donegal,22,216,113,1,4,5,89,275,46,53,502,430
2010Q3,Sligo/Leitrim,8,83,46,0,1,5,60,233,7,53,230,201
2010Q3,Louth,26,127,85,1,1,21,225,564,113,133,415,361
2010Q3,Clare,12,121,51,6,0,7,101,346,36,100,359,318
2010Q3,Mayo,12,125,67,2,1,3,123,252,32,46,367,321
2010Q3,Galway,16,200,136,1,7,15,294,760,86,108,882,802
2010Q3,Roscommon/Longford,8,85,51,1,1,2,102,231,28,53,172,145
2010Q3,Cork City,36,274,142,4,2,39,233,1191,118,268,1094,1016
2010Q3,Cork North,16,124,83,11,0,4,86,320,26,125,377,341
2010Q3,Cork West,15,88,61,1,0,6,64,159,23,120,266,222
2010Q3,Kerry,46,145,85,2,2,16,95,289,29,137,710,636
2010Q3,Limerick,22,257,112,9,4,34,299,1003,171,280,670,570
2010Q3,Laois/Offaly,9,131,84,4,3,10,186,461,64,140,294,240
2010Q3,Meath,17,135,87,2,4,15,213,618,110,79,238,193
2010Q3,Wicklow,11,135,77,9,9,26,260,724,76,169,373,321
2010Q3,Westmeath,6,81,58,2,0,8,135,343,34,55,291,251
2010Q3,Kildare,22,156,86,8,7,31,317,755,152,250,370,312
2010Q3,Tipperary,19,124,110,2,4,4,147,409,44,139,371,329
2010Q3,Wexford,14,128,101,3,0,2,198,402,45,144,306,271
2010Q3,Kilkenny/Carlow,24,176,70,4,3,13,250,560,73,199,521,454
2010Q3,Waterford,14,135,72,5,1,20,199,526,42,198,378,324
2010Q3,D.M.R. South Central,22,268,68,7,3,92,373,1678,98,267,1102,992
2010Q3,D.M.R. North Central,14,192,59,9,2,108,247,1810,152,265,686,558
2010Q3,D.M.R. Northern,27,249,171,8,1,78,435,1532,325,532,742,584
2010Q3,D.M.R. Southern,30,165,96,7,5,56,558,1129,259,418,589,512
2010Q3,D.M.R. Eastern,7,128,65,4,3,32,377,914,116,138,449,386
2010Q3,D.M.R. Western,22,285,178,14,7,93,464,1933,519,506,796,708
2010Q4,Cavan/Monaghan,23,172,110,1,3,8,136,297,44,85,372,337
2010Q4,Donegal,21,173,92,1,4,3,97,285,54,68,538,460
2010Q4,Sligo/Leitrim,4,90,46,0,1,4,85,243,14,51,193,174
2010Q4,Louth,12,142,82,2,1,29,229,510,112,121,437,394
2010Q4,Clare,9,113,74,3,1,2,85,289,32,94,323,295
2010Q4,Mayo,10,98,55,1,3,1,83,237,19,43,318,264
2010Q4,Galway,18,202,155,4,2,16,252,651,93,123,862,772
2010Q4,Roscommon/Longford,16,80,48,0,0,3,133,216,34,35,207,177
2010Q4,Cork City,24,244,139,13,1,29,231,1049,118,277,1147,1059
2010Q4,Cork North,13,81,83,4,0,2,85,232,19,115,347,297
2010Q4,Cork West,9,71,51,2,1,5,43,165,21,94,228,202
2010Q4,Kerry,15,131,84,5,2,10,77,260,23,98,609,537
2010Q4,Limerick,20,267,103,12,15,35,379,1053,238,237,756,623
2010Q4,Laois/Offaly,18,135,72,4,1,10,230,439,63,113,364,300
2010Q4,Meath,8,127,96,1,7,12,255,573,114,71,257,207
2010Q4,Wicklow,17,108,70,6,6,21,290,531,52,128,301,254
2010Q4,Westmeath,5,98,48,5,1,8,117,322,26,63,270,237
2010Q4,Kildare,21,170,94,4,1,40,393,685,148,280,331,281
2010Q4,Tipperary,10,132,116,9,1,7,167,390,39,136,405,360
2010Q4,Wexford,7,110,79,3,2,5,172,370,37,94,266,224
2010Q4,Kilkenny/Carlow,18,177,81,4,1,16,251,533,45,125,507,444
2010Q4,Waterford,16,143,64,5,2,17,160,455,42,192,373,339
2010Q4,D.M.R. South Central,16,246,76,10,4,107,469,1683,111,228,1178,1036
2010Q4,D.M.R. North Central,21,196,65,11,2,137,269,1875,166,246,706,568
2010Q4,D.M.R. Northern,31,264,163,13,4,107,606,1652,412,459,634,522
2010Q4,D.M.R. Southern,20,227,107,11,4,62,704,1097,254,366,511,427
2010Q4,D.M.R. Eastern,15,112,63,2,6,37,454,814,105,152,370,311
2010Q4,D.M.R. Western,27,290,187,8,12,123,522,1786,447,548,729,621
2011Q1,Cavan/Monaghan,13,175,130,1,0,1,156,297,45,63,398,358
2011Q1,Donegal,17,209,96,0,6,5,139,311,50,92,437,384
2011Q1,Sligo/Leitrim,13,84,41,0,3,1,100,238,20,56,237,205
2011Q1,Louth,26,135,77,4,2,26,232,555,118,128,386,343
2011Q1,Clare,13,116,61,3,2,3,79,270,28,76,304,267
2011Q1,Mayo,8,115,60,2,0,1,76,278,23,40,290,262
2011Q1,Galway,32,237,115,2,2,13,249,605,63,115,725,652
2011Q1,Roscommon/Longford,11,79,46,1,3,2,100,214,29,58,158,141
2011Q1,Cork City,19,256,138,8,3,33,245,1114,146,265,1110,1044
2011Q1,Cork North,14,86,88,6,1,0,103,304,28,103,332,287
2011Q1,Cork West,14,84,56,3,0,3,76,222,12,95,247,209
2011Q1,Kerry,21,105,90,3,2,3,86,237,20,101,549,480
2011Q1,Limerick,59,223,119,8,5,42,389,1077,250,247,768,620
2011Q1,Laois/Offaly,21,136,55,1,2,16,229,431,61,219,286,240
2011Q1,Meath,19,122,88,1,2,9,299,675,138,71,247,201
2011Q1,Wicklow,13,137,56,1,3,24,296,604,74,141,357,304
2011Q1,Westmeath,11,90,46,3,0,9,133,316,23,45,272,235
2011Q1,Kildare,22,206,69,1,3,16,403,781,158,96,307,259
2011Q1,Tipperary,17,141,96,6,0,5,196,376,55,107,354,315
2011Q1,Wexford,12,118,93,2,0,5,224,526,49,108,280,221
2011Q1,Kilkenny/Carlow,29,137,69,3,2,15,218,570,52,141,519,445
2011Q1,Waterford,15,159,71,2,1,17,156,477,30,152,394,335
2011Q1,D.M.R. South Central,22,262,78,7,4,105,421,1998,122,192,1162,1034
2011Q1,D.M.R. North Central,18,219,64,4,3,122,276,1793,114,228,768,633
2011Q1,D.M.R. Northern,41,256,144,5,2,122,518,1644,352,415,658,544
2011Q1,D.M.R. Southern,28,213,98,11,4,50,633,1045,228,351,481,403
2011Q1,D.M.R. Eastern,13,120,65,1,1,30,395,866,100,144,360,312
2011Q1,D.M.R. Western,43,299,137,13,6,116,531,1750,438,442,738,638
2011Q2,Cavan/Monaghan,14,150,104,5,0,6,140,291,53,69,315,279
2011Q2,Donegal,24,224,95,0,0,7,121,307,62,153,500,432
2011Q2,Sligo/Leitrim,13,66,57,1,1,4,91,215,24,60,179,156
2011Q2,Louth,12,115,61,2,2,9,185,503,83,111,361,295
2011Q2,Clare,10,79,50,6,2,6,99,277,30,67,281,244
2011Q2,Mayo,9,122,50,1,0,1,73,236,18,45,257,220
2011Q2,Galway,22,204,126,3,2,12,247,540,58,116,617,545
2011Q2,Roscommon/Longford,8,89,46,1,0,1,104,256,35,49,159,135
2011Q2,Cork City,22,249,124,4,0,19,230,1052,109,267,964,892
2011Q2,Cork North,16,102,64,13,0,5,107,239,20,126,290,237
2011Q2,Cork West,8,81,46,0,1,3,58,216,18,84,251,198
2011Q2,Kerry,11,119,70,2,1,9,89,275,37,78,568,513
2011Q2,Limerick,19,236,81,11,4,35,343,991,202,230,685,565
2011Q2,Laois/Offaly,15,125,64,4,2,5,249,438,55,139,264,213
2011Q2,Meath,11,120,78,1,2,15,283,581,101,76,210,171
2011Q2,Wicklow,10,124,67,2,1,13,302,579,71,167,275,240
2011Q2,Westmeath,9,81,53,1,2,7,165,308,25,88,230,195
2011Q2,Kildare,16,193,76,3,3,24,387,753,141,90,322,281
2011Q2,Tipperary,10,123,97,9,2,6,182,329,30,119,366,328
2011Q2,Wexford,10,122,71,3,0,2,225,504,58,87,319,262
2011Q2,Kilkenny/Carlow,13,147,72,3,1,10,276,540,60,136,493,436
2011Q2,Waterford,6,150,46,1,3,29,191,501,38,181,332,293
2011Q2,D.M.R. South Central,12,265,57,8,2,100,371,1892,128,183,1069,943
2011Q2,D.M.R. North Central,17,219,46,2,2,88,259,1668,142,232,723,607
2011Q2,D.M.R. Northern,30,223,149,3,3,106,490,1721,319,427,604,461
2011Q2,D.M.R. Southern,40,170,78,6,3,45,520,1034,212,314,427,351
2011Q2,D.M.R. Eastern,8,118,54,9,2,23,318,912,89,163,333,260
2011Q2,D.M.R. Western,33,270,146,16,4,96,502,1797,466,518,653,545
2011Q3,Cavan/Monaghan,12,157,95,2,0,2,192,299,37,60,328,294
2011Q3,Donegal,24,204,77,1,3,5,103,341,54,94,457,395
2011Q3,Sligo/Leitrim,14,75,41,1,2,2,88,225,17,89,210,172
2011Q3,Louth,11,112,68,1,2,10,257,502,93,101,329,283
2011Q3,Clare,12,88,44,3,3,7,101,249,19,65,256,228
2011Q3,Mayo,1,110,54,0,0,3,114,259,22,51,289,251
2011Q3,Galway,17,219,113,3,1,9,196,598,67,118,674,620
2011Q3,Roscommon/Longford,10,69,42,2,0,6,131,219,30,52,135,116
2011Q3,Cork City,38,263,147,6,2,20,213,1059,86,303,951,866
2011Q3,Cork North,21,101,73,4,1,1,108,274,19,125,314,259
2011Q3,Cork West,13,70,54,1,0,1,88,215,9,103,230,203
2011Q3,Kerry,13,123,76,5,0,7,102,255,18,103,585,510
2011Q3,Limerick,28,224,97,9,4,24,348,1059,179,289,643,540
2011Q3,Laois/Offaly,9,109,61,5,1,10,251,430,64,103,227,186
2011Q3,Meath,12,92,77,1,1,19,314,600,127,65,191,165
2011Q3,Wicklow,13,125,52,2,3,14,273,618,77,182,344,291
2011Q3,Westmeath,7,93,58,0,1,3,145,301,28,56,223,188
2011Q3,Kildare,19,152,71,5,2,39,446,814,148,274,297,234
2011Q3,Tipperary,16,114,78,5,0,4,193,336,36,129,314,284
2011Q3,Wexford,19,119,61,3,2,6,233,483,55,118,323,265
2011Q3,Kilkenny/Carlow,22,141,61,1,2,7,245,525,60,139,444,395
2011Q3,Waterford,13,164,59,7,2,24,200,482,51,198,428,368
2011Q3,D.M.R. South Central,22,227,58,9,5,76,396,1998,93,193,1091,978
2011Q3,D.M.R. North Central,20,203,42,3,2,117,280,1974,170,254,705,559
2011Q3,D.M.R. Northern,32,230,157,9,1,89,452,1629,305,471,555,445
2011Q3,D.M.R. Southern,46,148,91,4,5,58,571,990,187,356,400,322
2011Q3,D.M.R. Eastern,12,91,45,2,1,34,340,889,80,168,348,278
2011Q3,D.M.R. Western,29,336,153,10,4,106,529,1845,395,477,619,525
2011Q4,Cavan/Monaghan,12,166,87,1,0,4,141,255,30,55,427,359
2011Q4,Donegal,9,225,66,2,5,8,117,265,40,69,431,390
2011Q4,Sligo/Leitrim,4,79,46,0,1,2,106,210,24,73,216,196
2011Q4,Louth,18,127,66,2,3,18,298,454,84,109,298,253
2011Q4,Clare,11,78,65,3,1,6,81,251,36,65,254,227
2011Q4,Mayo,13,93,55,1,0,3,97,249,27,36,236,210
2011Q4,Galway,17,220,109,4,3,9,263,609,60,98,662,610
2011Q4,Roscommon/Longford,10,91,40,1,1,6,104,195,29,56,148,132
2011Q4,Cork City,24,265,124,8,1,26,273,989,79,280,1007,943
2011Q4,Cork North,12,82,64,2,0,1,106,259,26,105,310,276
2011Q4,Cork West,10,78,47,3,1,0,68,195,16,74,207,184
2011Q4,Kerry,17,117,90,0,1,4,79,222,23,81,520,468
2011Q4,Limerick,21,214,101,9,2,34,406,1026,177,227,696,581
2011Q4,Laois/Offaly,14,128,69,7,1,15,260,402,56,90,303,250
2011Q4,Meath,14,100,74,0,1,19,359,616,113,63,208,161
2011Q4,Wicklow,9,116,54,2,2,9,300,544,61,166,302,251
2011Q4,Westmeath,9,97,52,2,1,13,130,310,36,64,233,210
2011Q4,Kildare,23,192,88,2,6,35,538,743,126,180,326,259
2011Q4,Tipperary,12,127,84,7,2,8,174,320,39,125,333,312
2011Q4,Wexford,19,106,77,7,0,3,266,408,44,110,297,242
2011Q4,Kilkenny/Carlow,9,143,73,1,1,21,295,402,34,114,486,428
2011Q4,Waterford,16,142,50,4,1,21,174,490,55,188,356,313
2011Q4,D.M.R. South Central,17,273,70,8,4,103,463,2014,108,174,1111,939
2011Q4,D.M.R. North Central,19,176,48,2,1,122,297,1849,150,201,677,502
2011Q4,D.M.R. Northern,41,235,124,5,6,86,618,1637,253,381,545,450
2011Q4,D.M.R. Southern,23,157,106,6,4,64,681,1064,213,342,367,298
2011Q4,D.M.R. Eastern,7,112,68,5,3,39,382,883,71,163,311,238
2011Q4,D.M.R. Western,31,265,165,7,2,99,661,1801,434,476,601,506
2012Q1,Cavan/Monaghan,21,140,74,1,0,5,123,290,39,66,321,291
2012Q1,Donegal,25,202,91,0,3,7,111,235,41,94,376,335
2012Q1,Sligo/Leitrim,8,72,45,1,1,8,114,206,15,52,170,156
2012Q1,Louth,36,135,44,0,5,19,354,523,73,92,318,268
2012Q1,Clare,9,67,43,2,0,5,112,260,16,80,259,238
2012Q1,Mayo,9,94,48,0,0,2,101,276,32,45,245,222
2012Q1,Galway,25,203,113,2,4,6,245,563,64,118,665,604
2012Q1,Roscommon/Longford,11,80,39,0,1,2,136,227,28,62,115,101
2012Q1,Cork City,31,255,138,1,4,21,275,910,81,226,960,895
2012Q1,Cork North,15,72,57,1,1,0,93,284,18,133,308,279
2012Q1,Cork West,10,72,64,0,0,0,72,209,18,85,229,199
2012Q1,Kerry,19,118,69,1,0,7,80,219,14,77,529,453
2012Q1,Limerick,37,214,97,11,3,23,339,1023,124,223,625,544
2012Q1,Laois/Offaly,18,141,65,1,1,9,277,410,48,205,256,217
2012Q1,Meath,24,134,63,1,3,17,320,540,120,78,231,184
2012Q1,Wicklow,17,153,48,1,1,12,330,605,74,166,253,209
2012Q1,Westmeath,10,59,36,1,1,7,158,335,23,53,215,190
2012Q1,Kildare,21,200,80,4,4,25,438,767,127,91,252,202
2012Q1,Tipperary,19,107,78,6,0,12,145,345,45,107,319,287
2012Q1,Wexford,21,125,79,2,4,2,281,499,46,85,288,214
2012Q1,Kilkenny/Carlow,14,115,79,0,1,15,277,434,33,107,532,465
2012Q1,Waterford,17,156,77,3,2,17,157,536,49,168,342,293
2012Q1,D.M.R. South Central,17,247,66,7,3,100,485,2232,74,151,902,754
2012Q1,D.M.R. North Central,17,201,65,7,0,121,305,1727,131,290,625,514
2012Q1,D.M.R. Northern,45,239,138,7,1,119,647,1559,244,374,559,440
2012Q1,D.M.R. Southern,35,153,85,8,1,56,702,1008,168,324,397,321
2012Q1,D.M.R. Eastern,11,120,59,1,2,22,471,897,80,122,304,230
2012Q1,D.M.R. Western,46,216,146,6,6,94,546,1901,373,580,638,536
2012Q2,Cavan/Monaghan,13,140,97,1,0,3,106,293,34,78,321,275
2012Q2,Donegal,16,171,87,0,1,7,114,250,45,60,381,342
2012Q2,Sligo/Leitrim,9,66,27,0,1,2,87,213,11,47,173,154
2012Q2,Louth,28,140,41,1,3,27,289,500,83,76,284,245
2012Q2,Clare,13,88,44,3,1,3,83,264,16,57,251,228
2012Q2,Mayo,10,112,51,1,0,3,117,321,23,36,232,221
2012Q2,Galway,16,210,88,3,3,7,228,666,55,159,657,573
2012Q2,Roscommon/Longford,17,79,32,1,1,1,100,212,23,42,132,110
2012Q2,Cork City,34,263,133,4,3,22,196,872,57,281,970,892
2012Q2,Cork North,14,102,79,5,0,2,75,274,12,158,267,235
2012Q2,Cork West,17,80,50,3,1,2,52,150,18,58,212,184
2012Q2,Kerry,13,118,76,0,2,3,90,256,23,60,512,453
2012Q2,Limerick,37,194,84,3,1,22,306,1056,145,205,580,469
2012Q2,Laois/Offaly,16,137,67,3,0,7,197,415,39,95,252,206
2012Q2,Meath,9,94,65,1,3,17,308,558,115,86,197,156
2012Q2,Wicklow,12,122,45,1,2,7,285,573,56,159,234,188
2012Q2,Westmeath,6,79,65,2,3,7,140,317,30,111,250,211
2012Q2,Kildare,15,150,77,1,2,30,429,750,86,88,254,181
2012Q2,Tipperary,14,90,74,3,0,9,155,321,28,131,294,253
2012Q2,Wexford,15,129,86,0,1,1,225,523,55,94,256,205
2012Q2,Kilkenny/Carlow,16,84,102,0,0,11,242,440,37,112,383,332
2012Q2,Waterford,14,121,64,5,2,16,169,507,24,126,294,240
2012Q2,D.M.R. South Central,21,180,57,0,2,72,339,2166,101,146,875,722
2012Q2,D.M.R. North Central,16,160,46,2,2,95,236,1737,134,246,643,530
2012Q2,D.M.R. Northern,38,201,109,10,2,104,456,1582,250,422,464,377
2012Q2,D.M.R. Southern,30,155,88,11,1,67,526,1070,155,341,348,284
2012Q2,D.M.R. Eastern,20,102,39,4,3,25,377,835,68,143,261,205
2012Q2,D.M.R. Western,36,236,134,7,11,75,494,1790,326,564,595,486
2012Q3,Cavan/Monaghan,15,146,102,2,0,4,114,268,36,83,373,329
2012Q3,Donegal,28,203,91,0,1,4,118,248,41,51,397,360
2012Q3,Sligo/Leitrim,11,80,43,1,2,2,99,217,15,74,221,190
2012Q3,Louth,25,115,65,1,3,26,272,537,92,113,276,229
2012Q3,Clare,8,86,38,3,1,3,78,246,22,62,233,217
2012Q3,Mayo,8,110,48,0,0,5,144,285,27,40,257,231
2012Q3,Galway,19,182,93,2,4,5,251,588,64,121,655,558
2012Q3,Roscommon/Longford,11,77,45,2,1,1,158,213,19,37,144,129
2012Q3,Cork City,20,312,110,3,1,23,214,933,79,278,972,880
2012Q3,Cork North,10,87,77,2,1,3,102,294,16,127,349,309
2012Q3,Cork West,7,85,42,0,0,1,65,195,14,76,195,169
2012Q3,Kerry,13,122,89,2,0,4,88,257,19,86,566,476
2012Q3,Limerick,40,216,83,4,4,21,290,973,123,240,588,498
2012Q3,Laois/Offaly,23,121,58,5,3,6,283,430,38,141,219,181
2012Q3,Meath,11,111,69,3,1,5,328,567,98,76,229,188
2012Q3,Wicklow,21,135,38,1,2,16,310,552,57,181,293,238
2012Q3,Westmeath,4,83,62,1,1,3,139,285,26,48,210,193
2012Q3,Kildare,13,145,76,2,5,20,436,694,117,82,238,180
2012Q3,Tipperary,15,105,78,3,0,4,183,339,28,101,310,277
2012Q3,Wexford,11,117,70,2,1,9,293,444,36,77,274,218
2012Q3,Kilkenny/Carlow,7,107,81,0,1,10,254,466,43,113,472,426
2012Q3,Waterford,11,159,56,0,1,16,239,456,45,138,352,315
2012Q3,D.M.R. South Central,11,216,55,4,5,118,405,2328,100,158,874,723
2012Q3,D.M.R. North Central,14,179,45,2,0,101,251,1798,106,265,630,508
2012Q3,D.M.R. Northern,23,193,115,5,5,91,485,1645,232,380,510,401
2012Q3,D.M.R. Southern,25,151,78,7,2,66,502,1014,174,403,382,330
2012Q3,D.M.R. Eastern,19,87,57,4,2,26,382,1015,101,148,274,213
2012Q3,D.M.R. Western,38,237,104,6,5,86,626,2027,407,513,645,539
2012Q4,Cavan/Monaghan,6,165,110,0,1,6,124,267,42,56,317,289
2012Q4,Donegal,10,162,81,0,5,9,100,252,29,43,374,345
2012Q4,Sligo/Leitrim,3,70,29,0,1,4,102,198,13,50,241,220
2012Q4,Louth,15,125,52,1,2,24,278,476,66,120,287,234
2012Q4,Clare,15,60,48,1,1,8,93,241,19,60,253,234
2012Q4,Mayo,9,115,56,1,1,3,124,250,17,40,273,240
2012Q4,Galway,27,194,99,3,2,7,281,610,52,98,674,593
2012Q4,Roscommon/Longford,8,75,51,1,2,1,156,245,21,48,142,113
2012Q4,Cork City,24,232,100,2,3,35,231,995,90,215,1020,935
2012Q4,Cork North,14,77,61,1,1,0,103,260,16,70,295,260
2012Q4,Cork West,7,71,60,1,0,0,67,169,8,74,201,154
2012Q4,Kerry,14,123,79,1,0,2,79,204,16,83,547,480
2012Q4,Limerick,37,221,82,7,1,29,294,989,118,202,614,531
2012Q4,Laois/Offaly,15,126,46,5,3,9,230,411,52,95,224,196
2012Q4,Meath,10,110,57,1,2,14,304,534,94,58,226,192
2012Q4,Wicklow,12,121,46,2,4,13,277,486,46,176,240,202
2012Q4,Westmeath,9,104,49,2,0,5,131,313,27,56,224,205
2012Q4,Kildare,15,156,61,3,4,15,489,733,122,87,239,191
2012Q4,Tipperary,14,115,61,1,0,9,213,375,34,99,279,252
2012Q4,Wexford,15,105,84,3,1,4,303,457,41,88,244,191
2012Q4,Kilkenny/Carlow,10,117,72,1,4,12,287,457,37,121,480,418
2012Q4,Waterford,13,159,56,3,2,34,199,603,59,128,283,248
2012Q4,D.M.R. South Central,14,211,73,5,2,92,353,2444,87,159,903,689
2012Q4,D.M.R. North Central,10,162,64,2,1,81,218,1669,103,301,572,457
2012Q4,D.M.R. Northern,28,202,129,2,5,122,553,1576,253,315,491,383
2012Q4,D.M.R. Southern,23,149,83,2,2,78,630,977,143,319,381,313
2012Q4,D.M.R. Eastern,8,107,54,5,2,41,417,888,86,130,277,228
2012Q4,D.M.R. Western,27,214,140,9,3,97,607,1812,367,437,540,424
2013Q1,Cavan/Monaghan,10,117,92,0,0,2,98,257,38,48,285,253
2013Q1,Donegal,23,163,93,0,3,6,100,245,33,63,300,260
2013Q1,Sligo/Leitrim,8,77,34,0,3,5,78,216,10,48,203,187
2013Q1,Louth,13,120,45,0,2,18,301,476,76,66,192,165
2013Q1,Clare,10,80,41,6,1,4,100,231,20,94,222,194
2013Q1,Mayo,12,98,31,0,2,2,90,283,28,30,178,153
2013Q1,Galway,27,175,100,0,5,13,206,604,55,110,524,483
2013Q1,Roscommon/Longford,6,78,37,2,1,4,108,203,18,30,133,120
2013Q1,Cork City,27,249,100,4,1,33,225,989,64,248,841,780
2013Q1,Cork North,20,67,66,3,3,2,109,260,15,126,261,235
2013Q1,Cork West,8,74,47,1,2,1,57,194,24,46,156,134
2013Q1,Kerry,10,104,62,1,1,3,70,248,20,114,426,377
2013Q1,Limerick,22,184,70,6,3,32,280,916,107,161,515,409
2013Q1,Laois/Offaly,16,118,59,3,1,15,241,525,61,151,196,156
2013Q1,Meath,19,105,54,2,2,20,224,543,106,47,185,155
2013Q1,Wicklow,26,115,37,1,4,17,187,501,37,133,210,178
2013Q1,Westmeath,12,63,35,1,6,6,153,298,27,40,228,202
2013Q1,Kildare,20,148,71,2,5,26,332,777,104,186,202,156
2013Q1,Tipperary,19,103,77,3,2,8,195,350,37,101,279,247
2013Q1,Wexford,14,70,49,1,0,6,295,418,33,65,201,154
2013Q1,Kilkenny/Carlow,21,100,69,2,1,10,277,499,44,89,399,351
2013Q1,Waterford,24,130,51,2,0,18,220,461,29,89,323,267
2013Q1,D.M.R. South Central,27,227,47,5,1,90,340,2541,86,157,710,581
2013Q1,D.M.R. North Central,20,192,49,3,2,93,236,1737,98,244,535,424
2013Q1,D.M.R. Northern,39,213,121,3,2,101,496,1570,241,368,431,367
2013Q1,D.M.R. Southern,28,158,63,4,1,69,570,974,115,313,353,270
2013Q1,D.M.R. Eastern,8,97,37,3,0,32,312,810,55,108,186,143
2013Q1,D.M.R. Western,46,184,102,6,3,89,562,1837,382,466,482,393
2013Q2,Cavan/Monaghan,14,103,84,1,1,4,82,251,43,58,253,229
2013Q2,Donegal,20,178,71,2,0,5,120,279,33,72,281,253
2013Q2,Sligo/Leitrim,4,82,24,1,1,3,77,274,11,66,193,171
2013Q2,Louth,14,127,40,0,1,22,276,495,61,72,240,193
2013Q2,Clare,12,71,41,5,1,4,60,277,20,82,205,175
2013Q2,Mayo,8,100,36,0,1,4,66,294,19,38,204,182
2013Q2,Galway,27,147,118,2,1,8,200,658,51,140,488,413
2013Q2,Roscommon/Longford,9,69,43,0,3,5,116,215,15,53,107,93
2013Q2,Cork City,27,225,105,2,1,31,217,1037,77,266,766,707
2013Q2,Cork North,6,97,57,2,0,2,90,293,18,157,245,223
2013Q2,Cork West,9,63,66,1,0,0,57,178,12,59,198,165
2013Q2,Kerry,16,114,69,1,2,7,74,280,16,82,415,347
2013Q2,Limerick,19,170,71,11,8,24,237,940,128,187,497,409
2013Q2,Laois/Offaly,18,137,38,6,2,11,250,488,51,97,179,154
2013Q2,Meath,8,95,65,3,2,9,272,536,115,57,201,172
2013Q2,Wicklow,12,139,45,2,1,13,203,575,47,198,227,175
2013Q2,Westmeath,5,66,48,2,1,6,174,316,28,169,214,184
2013Q2,Kildare,22,135,65,5,3,29,326,839,113,189,211,178
2013Q2,Tipperary,21,89,62,4,4,5,190,421,32,126,266,237
2013Q2,Wexford,18,101,64,2,1,7,267,452,32,71,215,171
2013Q2,Kilkenny/Carlow,15,116,47,4,0,4,276,488,46,147,360,316
2013Q2,Waterford,19,146,48,1,1,11,180,453,32,109,300,257
2013Q2,D.M.R. South Central,22,211,46,6,1,110,372,2468,61,152,734,628
2013Q2,D.M.R. North Central,17,161,33,2,2,100,243,1852,92,244,515,420
2013Q2,D.M.R. Northern,43,212,108,4,2,61,455,1759,250,320,468,385
2013Q2,D.M.R. Southern,21,146,85,5,5,65,484,1068,90,312,312,262
2013Q2,D.M.R. Eastern,13,92,27,1,2,21,322,949,71,149,252,189
2013Q2,D.M.R. Western,31,200,103,7,1,96,552,1832,261,480,452,383
2013Q3,Cavan/Monaghan,14,148,70,0,0,1,78,224,32,52,305,271
2013Q3,Donegal,14,172,69,2,1,5,88,281,40,36,287,253
2013Q3,Sligo/Leitrim,8,62,30,0,2,2,77,240,12,47,193,171
2013Q3,Louth,14,111,30,0,1,15,280,562,78,54,186,158
2013Q3,Clare,6,70,43,2,2,3,128,285,19,80,249,226
2013Q3,Mayo,14,103,49,0,3,2,104,271,26,34,220,204
2013Q3,Galway,22,163,111,3,1,16,207,593,49,116,497,426
2013Q3,Roscommon/Longford,10,83,28,1,0,1,113,208,29,86,136,114
2013Q3,Cork City,25,248,102,5,0,30,183,1018,58,243,766,703
2013Q3,Cork North,18,91,76,1,0,2,105,338,22,87,245,221
2013Q3,Cork West,6,71,65,1,0,1,63,210,21,74,189,147
2013Q3,Kerry,13,115,85,5,1,3,88,299,17,98,482,426
2013Q3,Limerick,26,184,56,8,3,21,311,957,97,209,588,467
2013Q3,Laois/Offaly,14,111,30,2,1,7,285,546,64,249,222,175
2013Q3,Meath,10,105,75,2,2,16,250,599,123,86,191,155
2013Q3,Wicklow,14,132,42,3,0,9,212,586,28,169,256,203
2013Q3,Westmeath,15,60,50,1,0,10,161,323,26,41,212,182
2013Q3,Kildare,20,144,69,4,0,14,319,794,106,74,195,158
2013Q3,Tipperary,13,107,79,1,1,3,155,368,31,116,227,197
2013Q3,Wexford,15,88,58,1,1,2,271,438,28,69,231,186
2013Q3,Kilkenny/Carlow,17,95,63,1,1,8,241,472,33,119,420,372
2013Q3,Waterford,14,120,56,2,0,16,209,526,29,122,302,258
2013Q3,D.M.R. South Central,18,191,45,3,2,66,420,2537,72,143,761,601
2013Q3,D.M.R. North Central,19,182,45,2,3,80,270,2009,76,249,527,413
2013Q3,D.M.R. Northern,32,191,98,5,1,88,501,1806,244,319,453,371
2013Q3,D.M.R. Southern,25,143,62,6,5,65,565,1094,106,309,394,294
2013Q3,D.M.R. Eastern,11,100,37,1,9,25,298,931,61,103,252,194
2013Q3,D.M.R. Western,32,176,86,3,7,102,496,1968,276,564,452,374
2013Q4,Cavan/Monaghan,13,112,70,1,0,5,98,217,29,70,261,226
2013Q4,Donegal,20,179,70,2,0,7,88,249,32,39,349,309
2013Q4,Sligo/Leitrim,7,49,30,2,1,2,107,210,13,38,165,145
2013Q4,Louth,15,93,37,0,0,19,300,508,66,63,192,163
2013Q4,Clare,8,65,35,1,0,5,85,196,15,104,226,213
2013Q4,Mayo,11,95,51,0,0,2,81,213,15,21,201,188
2013Q4,Galway,18,188,110,1,3,12,266,582,58,160,475,409
2013Q4,Roscommon/Longford,11,85,44,1,0,7,122,211,14,57,133,110
2013Q4,Cork City,17,238,79,2,0,41,190,915,71,224,747,677
2013Q4,Cork North,16,83,67,1,1,3,120,260,15,95,230,211
2013Q4,Cork West,3,81,48,1,1,1,55,179,9,74,153,121
2013Q4,Kerry,6,113,74,2,1,2,84,242,11,101,435,376
2013Q4,Limerick,19,235,67,9,3,31,268,1012,102,139,562,440
2013Q4,Laois/Offaly,15,104,39,2,1,10,282,547,55,105,238,196
2013Q4,Meath,17,95,51,2,5,6,311,571,117,48,168,133
2013Q4,Wicklow,8,96,39,1,1,8,257,505,42,154,210,177
2013Q4,Westmeath,7,58,29,2,0,7,181,330,31,45,190,162
2013Q4,Kildare,21,152,74,2,0,22,310,668,74,75,205,170
2013Q4,Tipperary,8,109,75,3,1,8,215,322,34,108,271,237
2013Q4,Wexford,15,103,44,1,0,7,262,418,41,56,216,174
2013Q4,Kilkenny/Carlow,24,103,54,1,0,8,268,410,34,114,407,367
2013Q4,Waterford,13,114,52,5,0,22,209,499,31,111,293,239
2013Q4,D.M.R. South Central,16,208,36,3,2,112,422,2476,63,125,652,513
2013Q4,D.M.R. North Central,20,184,30,3,1,95,246,2032,86,251,470,376
2013Q4,D.M.R. Northern,41,194,99,3,3,83,636,1591,194,308,370,294
2013Q4,D.M.R. Southern,33,180,64,2,2,107,658,1084,148,279,344,284
2013Q4,D.M.R. Eastern,16,100,34,4,3,27,435,767,67,90,220,165
2013Q4,D.M.R. Western,25,183,89,4,4,132,578,1832,301,429,419,348
2014Q1,Cavan/Monaghan,8,99,86,1,2,6,87,247,42,43,252,223
2014Q1,Donegal,25,179,75,1,0,2,124,254,28,34,302,255
2014Q1,Sligo/Leitrim,10,77,24,0,2,1,88,189,12,47,165,149
2014Q1,Louth,11,119,41,1,0,18,254,483,85,60,209,173
2014Q1,Clare,8,76,46,4,1,8,80,213,7,123,203,172
2014Q1,Mayo,8,76,44,1,1,2,86,192,16,21,177,160
2014Q1,Galway,24,185,118,5,2,10,300,619,45,164,464,394
2014Q1,Roscommon/Longford,8,84,46,1,1,4,98,177,15,67,132,97
2014Q1,Cork City,26,254,79,2,0,30,159,935,79,238,683,626
2014Q1,Cork North,19,97,70,1,1,1,88,241,20,191,229,211
2014Q1,Cork West,8,65,53,0,1,1,67,201,23,61,147,136
2014Q1,Kerry,14,108,69,2,1,2,105,272,24,112,376,324
2014Q1,Limerick,26,175,80,2,1,18,251,964,140,166,413,307
2014Q1,Laois/Offaly,15,126,52,1,1,5,263,513,50,105,203,170
2014Q1,Meath,21,84,56,2,1,16,272,634,128,53,182,147
2014Q1,Wicklow,19,120,38,2,0,15,173,455,53,142,270,227
2014Q1,Westmeath,8,64,38,1,1,9,124,272,9,37,161,142
2014Q1,Kildare,29,134,62,4,1,13,323,799,90,103,198,161
2014Q1,Tipperary,17,87,98,2,0,5,138,347,37,115,221,206
2014Q1,Wexford,12,97,65,4,1,8,231,338,24,59,160,129
2014Q1,Kilkenny/Carlow,20,112,56,1,1,8,253,444,36,115,336,302
2014Q1,Waterford,23,117,42,4,1,14,226,446,26,102,233,197
2014Q1,D.M.R. South Central,28,236,35,3,1,96,428,2418,110,236,761,585
2014Q1,D.M.R. North Central,17,189,43,5,2,98,245,1878,117,525,463,371
2014Q1,D.M.R. Northern,49,183,92,5,5,72,612,1375,195,246,301,238
2014Q1,D.M.R. Southern,17,184,73,3,0,100,569,1054,174,218,292,232
2014Q1,D.M.R. Eastern,17,95,43,1,3,26,470,803,77,58,214,162
2014Q1,D.M.R. Western,30,204,103,11,4,132,616,1881,364,433,374,303
2014Q2,Cavan/Monaghan,11,134,62,1,0,2,92,262,36,55,253,220
2014Q2,Donegal,20,190,69,1,1,4,118,239,35,81,309,260
2014Q2,Sligo/Leitrim,7,71,36,0,1,4,97,180,6,33,124,109
2014Q2,Louth,17,142,38,0,0,11,256,534,85,80,187,148
2014Q2,Clare,13,81,34,2,1,12,92,251,14,98,219,194
2014Q2,Mayo,16,82,45,1,0,5,80,219,19,36,188,172
2014Q2,Galway,22,179,100,3,1,8,233,548,37,171,475,399
2014Q2,Roscommon/Longford,8,96,34,1,1,4,89,163,11,60,109,90
2014Q2,Cork City,33,242,83,3,4,30,162,940,86,214,628,551
2014Q2,Cork North,13,94,56,1,1,3,74,290,20,72,232,207
2014Q2,Cork West,9,58,44,0,0,0,74,177,12,48,180,148
2014Q2,Kerry,9,101,70,3,0,1,87,293,10,119,355,310
2014Q2,Limerick,15,148,58,8,8,19,253,1015,122,179,493,386
2014Q2,Laois/Offaly,18,116,45,1,2,3,263,456,40,90,170,150
2014Q2,Meath,20,107,45,3,1,8,199,559,82,59,148,103
2014Q2,Wicklow,19,116,31,1,2,13,212,623,36,130,243,213
2014Q2,Westmeath,8,89,46,2,0,8,152,312,18,232,177,160
2014Q2,Kildare,22,134,65,3,3,12,298,702,76,89,199,160
2014Q2,Tipperary,13,89,81,5,0,8,156,374,24,156,273,244
2014Q2,Wexford,18,87,49,5,0,15,224,433,35,67,149,109
2014Q2,Kilkenny/Carlow,19,105,52,1,0,10,215,460,38,110,388,353
2014Q2,Waterford,23,105,52,2,0,8,178,484,24,106,223,174
2014Q2,D.M.R. South Central,24,221,32,2,1,118,472,2392,108,216,658,551
2014Q2,D.M.R. North Central,16,198,40,3,1,78,265,1957,102,489,384,304
2014Q2,D.M.R. Northern,35,217,91,4,1,72,560,1536,205,315,363,291
2014Q2,D.M.R. Southern,26,185,77,1,2,82,530,1108,159,275,287,226
2014Q2,D.M.R. Eastern,12,108,32,0,3,30,382,904,78,71,215,139
2014Q2,D.M.R. Western,37,232,98,9,2,103,538,1969,367,528,416,335
2014Q3,Cavan/Monaghan,11,127,76,2,1,1,81,290,33,53,230,203
2014Q3,Donegal,18,190,64,1,0,6,86,271,27,55,279,236
2014Q3,Sligo/Leitrim,10,78,44,0,1,1,85,221,19,47,170,151
2014Q3,Louth,12,116,41,1,1,14,282,530,69,43,192,159
2014Q3,Clare,11,68,46,0,1,4,83,255,19,86,180,159
2014Q3,Mayo,4,113,40,1,0,4,88,210,17,42,206,180
2014Q3,Galway,22,190,110,6,1,7,222,574,35,143,492,438
2014Q3,Roscommon/Longford,12,108,31,2,0,2,118,195,22,53,110,94
2014Q3,Cork City,30,254,99,5,2,24,224,1030,84,264,648,555
2014Q3,Cork North,7,124,83,1,1,2,82,271,23,86,263,233
2014Q3,Cork West,8,79,44,1,0,0,47,195,21,72,154,139
2014Q3,Kerry,11,118,74,4,1,3,87,314,14,123,413,355
2014Q3,Limerick,14,161,69,5,4,26,305,1094,155,125,508,363
2014Q3,Laois/Offaly,12,124,52,0,1,8,275,532,38,390,188,154
2014Q3,Meath,13,115,59,0,1,17,229,655,107,45,191,150
2014Q3,Wicklow,17,115,35,2,4,5,256,610,49,129,197,166
2014Q3,Westmeath,8,51,44,1,1,4,155,298,30,48,140,120
2014Q3,Kildare,25,142,55,1,2,14,352,718,99,97,159,130
2014Q3,Tipperary,11,85,66,2,0,4,152,346,19,158,259,228
2014Q3,Wexford,21,99,44,1,1,10,281,438,33,72,171,124
2014Q3,Kilkenny/Carlow,13,144,66,3,0,6,170,450,21,81,381,338
2014Q3,Waterford,15,127,48,2,4,9,204,479,32,123,268,213
2014Q3,D.M.R. South Central,24,226,31,4,1,94,433,2358,99,271,811,572
2014Q3,D.M.R. North Central,20,199,38,4,1,76,298,1858,87,454,456,340
2014Q3,D.M.R. Northern,40,213,98,2,2,58,581,1637,248,320,337,260
2014Q3,D.M.R. Southern,18,159,62,4,3,62,606,1192,168,369,291,230
2014Q3,D.M.R. Eastern,22,103,33,2,4,30,426,950,103,74,198,130
2014Q3,D.M.R. Western,33,203,88,7,6,114,599,1890,345,399,363,283
2014Q4,Cavan/Monaghan,15,123,74,1,1,3,94,300,40,49,245,212
2014Q4,Donegal,17,186,74,1,1,6,79,245,21,41,285,249
2014Q4,Sligo/Leitrim,9,80,36,0,0,2,100,206,7,47,190,174
2014Q4,Louth,15,146,50,1,1,22,286,578,60,102,185,150
2014Q4,Clare,14,79,54,0,0,6,99,221,12,96,197,170
2014Q4,Mayo,7,107,45,1,1,4,69,224,18,42,208,173
2014Q4,Galway,23,185,83,2,3,9,238,525,29,93,480,392
2014Q4,Roscommon/Longford,9,97,33,0,0,1,117,175,14,33,120,106
2014Q4,Cork City,19,313,87,3,2,41,186,997,76,234,718,556
2014Q4,Cork North,22,106,63,0,1,4,108,283,16,91,234,212
2014Q4,Cork West,7,95,39,1,0,0,51,147,9,66,156,125
2014Q4,Kerry,23,99,57,8,2,3,81,306,18,117,377,338
2014Q4,Limerick,16,159,70,6,5,16,285,1028,131,164,496,386
2014Q4,Laois/Offaly,13,126,35,1,6,10,286,541,37,77,184,157
2014Q4,Meath,20,106,55,0,1,14,254,591,80,59,155,121
2014Q4,Wicklow,10,131,27,3,2,11,285,554,29,132,222,171
2014Q4,Westmeath,5,93,42,2,1,11,150,306,14,36,165,145
2014Q4,Kildare,18,125,64,2,0,18,462,747,69,68,174,143
2014Q4,Tipperary,22,114,80,6,2,4,191,363,26,143,253,212
2014Q4,Wexford,17,91,51,3,0,7,266,423,41,52,133,97
2014Q4,Kilkenny/Carlow,24,93,34,4,0,6,293,470,40,100,384,341
2014Q4,Waterford,10,139,67,2,1,6,229,462,19,105,264,226
2014Q4,D.M.R. South Central,12,251,37,3,1,87,435,2274,84,195,724,531
2014Q4,D.M.R. North Central,22,218,35,2,1,90,308,1966,90,428,499,315
2014Q4,D.M.R. Northern,40,194,96,8,2,66,768,1631,182,295,263,208
2014Q4,D.M.R. Southern,27,189,56,3,0,71,789,1304,244,247,313,253
2014Q4,D.M.R. Eastern,12,121,25,2,2,36,594,1033,77,69,186,115
2014Q4,D.M.R. Western,41,220,76,5,5,99,719,1895,352,399,373,306
2015Q1,Cavan/Monaghan,16,141,75,0,0,6,81,243,30,56,189,175
2015Q1,Donegal,26,169,66,1,0,9,79,212,17,52,253,224
2015Q1,Sligo/Leitrim,18,72,38,1,0,8,82,138,4,56,159,143
2015Q1,Louth,15,120,32,0,0,22,301,608,87,73,162,135
2015Q1,Clare,13,83,38,0,0,6,102,257,14,83,153,121
2015Q1,Mayo,14,98,33,1,0,2,81,216,18,30,209,187
2015Q1,Galway,29,194,111,3,0,7,199,619,25,162,514,449
2015Q1,Roscommon/Longford,16,94,41,1,3,5,109,175,13,50,106,88
2015Q1,Cork City,33,281,80,1,3,34,253,985,69,242,622,534
2015Q1,Cork North,24,97,57,3,2,2,129,284,21,137,198,179
2015Q1,Cork West,9,103,46,1,0,2,38,144,6,59,163,138
2015Q1,Kerry,10,94,71,4,2,5,91,273,18,83,416,389
2015Q1,Limerick,40,185,61,5,4,20,273,975,163,155,392,313
2015Q1,Laois/Offaly,21,147,49,3,0,4,302,519,51,86,149,122
2015Q1,Meath,28,127,47,0,0,21,236,552,78,45,141,111
2015Q1,Wicklow,19,115,49,0,2,9,261,516,37,125,188,146
2015Q1,Westmeath,6,72,43,0,1,6,101,282,11,57,116,96
2015Q1,Kildare,28,146,62,3,3,26,437,646,63,71,166,136
2015Q1,Tipperary,10,101,99,3,2,2,164,346,41,129,285,260
2015Q1,Wexford,24,121,48,0,0,5,354,427,40,72,163,118
2015Q1,Kilkenny/Carlow,20,139,55,3,1,7,211,441,21,82,299,256
2015Q1,Waterford,18,133,43,0,1,7,211,466,24,84,246,216
2015Q1,D.M.R. South Central,21,286,28,5,1,91,445,2369,100,250,959,758
2015Q1,D.M.R. North Central,24,231,36,4,0,79,222,1971,92,415,843,387
2015Q1,D.M.R. Northern,53,263,87,4,1,72,649,1609,241,264,263,195
2015Q1,D.M.R. Southern,25,213,48,1,0,79,653,1161,122,225,273,219
2015Q1,D.M.R. Eastern,28,123,28,4,4,24,598,910,61,91,175,116
2015Q1,D.M.R. Western,41,177,88,8,8,125,690,1570,259,289,347,267
2015Q2,Cavan/Monaghan,18,127,72,1,0,5,109,295,26,59,207,178
2015Q2,Donegal,21,167,76,2,1,5,66,238,31,72,314,288
2015Q2,Sligo/Leitrim,10,80,22,0,1,2,88,178,7,39,169,149
2015Q2,Louth,17,151,37,1,1,32,279,592,95,63,148,108
2015Q2,Clare,10,83,42,0,1,5,90,294,22,110,161,138
2015Q2,Mayo,10,91,51,0,4,1,86,215,19,34,197,171
2015Q2,Galway,22,192,118,2,2,10,240,564,26,134,413,360
2015Q2,Roscommon/Longford,13,99,34,1,0,5,99,216,13,42,102,90
2015Q2,Cork City,30,265,74,4,0,23,227,1015,62,273,595,488
2015Q2,Cork North,20,112,65,2,1,2,111,250,17,69,250,225
2015Q2,Cork West,8,92,49,1,0,1,58,152,12,61,155,129
2015Q2,Kerry,21,130,65,3,1,1,110,285,15,97,415,368
2015Q2,Limerick,24,189,106,3,8,19,289,968,117,181,456,320
2015Q2,Laois/Offaly,15,162,35,1,3,9,230,569,45,280,203,173
2015Q2,Meath,12,120,53,0,1,10,224,511,80,64,178,132
2015Q2,Wicklow,20,114,33,2,4,12,206,508,35,147,157,126
2015Q2,Westmeath,6,71,37,2,2,5,75,274,19,278,150,137
2015Q2,Kildare,22,165,64,4,4,19,304,635,76,81,161,123
2015Q2,Tipperary,18,112,68,3,2,5,118,332,28,128,234,216
2015Q2,Wexford,15,102,61,1,2,4,214,431,33,63,156,134
2015Q2,Kilkenny/Carlow,18,122,64,2,1,7,160,418,25,114,291,263
2015Q2,Waterford,14,131,47,2,0,9,203,473,33,117,249,219
2015Q2,D.M.R. South Central,25,283,38,4,1,89,407,2132,78,287,854,644
2015Q2,D.M.R. North Central,22,232,36,2,1,97,208,2143,60,433,1012,411
2015Q2,D.M.R. Northern,59,278,82,1,3,111,536,1671,187,256,292,222
2015Q2,D.M.R. Southern,27,204,60,2,1,62,530,1272,151,282,341,261
2015Q2,D.M.R. Eastern,17,117,28,2,4,25,575,970,107,91,188,120
2015Q2,D.M.R. Western,38,205,79,8,2,91,529,1718,270,390,305,240
2015Q3,Cavan/Monaghan,14,131,77,0,0,6,134,273,30,49,247,219
2015Q3,Donegal,26,210,73,5,1,5,90,243,26,44,266,232
2015Q3,Sligo/Leitrim,3,92,37,0,1,3,87,164,8,29,196,179
2015Q3,Louth,13,124,33,0,2,22,273,587,55,44,158,135
2015Q3,Clare,10,99,43,0,1,4,99,277,26,88,185,139
2015Q3,Mayo,21,86,42,0,1,3,75,204,12,30,203,188
2015Q3,Galway,22,192,101,3,1,11,288,621,36,137,441,368
2015Q3,Roscommon/Longford,15,101,29,0,1,7,89,187,10,41,107,86
2015Q3,Cork City,23,276,89,3,1,18,199,940,65,237,579,467
2015Q3,Cork North,18,107,66,3,1,1,126,266,18,89,243,226
2015Q3,Cork West,13,95,45,2,0,2,67,152,9,65,122,95
2015Q3,Kerry,16,112,93,2,1,8,113,281,8,110,444,392
2015Q3,Limerick,30,193,71,9,9,24,268,966,98,180,493,327
2015Q3,Laois/Offaly,14,162,44,1,5,7,251,524,32,86,152,121
2015Q3,Meath,7,132,65,1,3,10,244,500,77,68,153,119
2015Q3,Wicklow,17,109,47,2,4,14,213,587,40,166,181,150
2015Q3,Westmeath,9,76,41,2,3,3,93,268,11,55,163,146
2015Q3,Kildare,16,176,62,2,3,17,291,670,64,81,139,109
2015Q3,Tipperary,22,121,66,3,3,4,109,343,17,124,198,174
2015Q3,Wexford,25,100,44,3,1,2,231,378,33,54,159,130
2015Q3,Kilkenny/Carlow,16,125,49,2,0,7,173,395,26,94,287,253
2015Q3,Waterford,18,172,51,4,1,11,200,451,36,68,242,203
2015Q3,D.M.R. South Central,41,270,42,1,1,75,369,2162,56,223,922,648
2015Q3,D.M.R. North Central,25,234,31,5,0,80,217,2249,88,451,958,429
2015Q3,D.M.R. Northern,48,239,95,1,1,59,466,1578,193,280,266,209
2015Q3,D.M.R. Southern,30,195,52,2,1,74,512,1215,144,349,310,250
2015Q3,D.M.R. Eastern,13,154,39,1,6,11,535,1007,99,70,161,110
2015Q3,D.M.R. Western,44,225,86,6,4,83,569,1687,251,379,334,264
2015Q4,Cavan/Monaghan,14,136,79,0,1,1,102,290,41,67,233,202
2015Q4,Donegal,18,181,90,3,1,8,89,245,26,47,290,264
2015Q4,Sligo/Leitrim,9,66,33,0,1,2,69,181,7,32,159,143
2015Q4,Louth,15,126,50,0,1,13,219,548,53,63,189,165
2015Q4,Clare,16,109,42,1,1,4,94,245,16,53,194,139
2015Q4,Mayo,15,100,47,0,0,4,70,217,14,37,231,206
2015Q4,Galway,25,214,122,3,1,9,169,506,17,143,511,428
2015Q4,Roscommon/Longford,7,107,39,1,1,4,81,212,18,63,92,81
2015Q4,Cork City,27,270,76,0,2,42,182,852,64,243,684,516
2015Q4,Cork North,13,104,67,1,0,5,86,223,16,71,195,182
2015Q4,Cork West,15,96,53,0,0,1,23,124,5,109,131,108
2015Q4,Kerry,24,138,71,3,0,4,74,249,10,94,383,343
2015Q4,Limerick,29,218,69,5,13,18,273,1043,124,167,421,308
2015Q4,Laois/Offaly,17,121,52,3,4,9,193,512,48,88,143,120
2015Q4,Meath,18,118,55,2,2,12,179,490,52,54,156,122
2015Q4,Wicklow,16,120,29,0,4,5,217,482,36,149,184,155
2015Q4,Westmeath,7,78,56,1,6,10,71,301,14,61,203,184
2015Q4,Kildare,28,179,56,1,3,22,351,685,81,96,132,104
2015Q4,Tipperary,11,123,63,3,1,9,127,352,27,116,212,187
2015Q4,Wexford,17,127,57,2,0,6,251,408,21,89,182,155
2015Q4,Kilkenny/Carlow,16,120,39,1,2,3,173,404,16,91,300,265
2015Q4,Waterford,12,153,56,1,1,6,207,463,16,99,233,203
2015Q4,D.M.R. South Central,22,305,45,3,2,95,358,2091,68,198,804,531
2015Q4,D.M.R. North Central,18,213,39,5,2,71,224,2191,83,395,1221,407
2015Q4,D.M.R. Northern,47,252,86,3,1,76,521,1320,164,281,272,207
2015Q4,D.M.R. Southern,34,165,51,4,1,98,608,1178,137,203,260,179
2015Q4,D.M.R. Eastern,14,118,33,1,5,28,590,972,75,68,131,84
2015Q4,D.M.R. Western,38,230,92,4,2,88,616,1545,216,410,294,219
2016Q1,Cavan/Monaghan,21,152,90,0,1,1,81,225,27,56,244,223
2016Q1,Donegal,32,196,89,3,3,6,55,174,13,65,342,307
2016Q1,Sligo/Leitrim,9,96,28,0,1,3,46,149,10,36,150,139
2016Q1,Louth,22,142,48,1,2,15,172,436,38,87,179,158
2016Q1,Clare,16,117,40,2,1,4,81,234,11,96,157,119
2016Q1,Mayo,15,74,58,1,1,2,70,187,12,26,237,225
2016Q1,Galway,24,185,122,3,0,0,147,504,19,169,506,435
2016Q1,Roscommon/Longford,7,62,32,0,0,3,66,175,15,34,127,114
2016Q1,Cork City,24,244,84,0,2,27,133,849,62,251,597,505
2016Q1,Cork North,23,99,81,1,0,3,72,185,19,82,213,196
2016Q1,Cork West,11,92,47,1,0,3,30,78,6,55,121,110
2016Q1,Kerry,19,109,74,4,0,3,48,213,7,93,337,306
2016Q1,Limerick,30,215,88,6,9,16,225,709,77,160,310,257
2016Q1,Laois/Offaly,32,136,51,3,2,12,184,407,32,370,194,171
2016Q1,Meath,22,128,57,2,4,12,149,413,47,87,157,128
2016Q1,Wicklow,11,114,51,2,2,8,163,407,38,145,132,108
2016Q1,Westmeath,8,81,40,2,1,5,73,290,17,121,189,175
2016Q1,Kildare,29,172,65,2,1,16,284,606,58,112,146,119
2016Q1,Tipperary,17,113,88,2,0,8,118,316,17,121,188,169
2016Q1,Wexford,24,114,65,0,0,10,141,337,24,93,155,142
2016Q1,Kilkenny/Carlow,24,125,60,1,2,11,118,344,26,125,284,265
2016Q1,Waterford,19,120,50,2,1,12,136,367,13,98,218,200
2016Q1,D.M.R. South Central,34,299,40,1,2,85,308,2065,75,203,752,603
2016Q1,D.M.R. North Central,30,237,64,3,0,55,208,1899,61,308,570,352
2016Q1,D.M.R. Northern,59,245,105,3,2,64,424,1284,148,263,274,210
2016Q1,D.M.R. Southern,35,174,52,1,1,61,428,1072,163,251,246,180
2016Q1,D.M.R. Eastern,27,142,29,2,3,30,483,858,59,72,163,104
2016Q1,D.M.R. Western,51,249,80,9,2,93,410,1344,157,330,300,231
2016Q2,Cavan/Monaghan,16,151,85,0,3,2,99,245,27,52,215,195
2016Q2,Donegal,24,151,90,2,2,5,39,185,11,76,297,266
2016Q2,Sligo/Leitrim,19,86,21,2,1,2,54,146,9,30,175,149
2016Q2,Louth,20,140,40,2,1,8,220,426,34,87,163,135
2016Q2,Clare,14,94,45,1,0,5,65,215,8,74,163,114
2016Q2,Mayo,22,83,45,1,0,0,41,181,6,33,169,150
2016Q2,Galway,43,183,99,5,1,4,138,471,21,128,368,337
2016Q2,Roscommon/Longford,14,64,38,0,0,1,69,176,10,53,96,85
2016Q2,Cork City,24,275,81,1,1,16,109,776,53,244,535,453
2016Q2,Cork North,15,100,67,0,0,2,62,235,20,97,192,176
2016Q2,Cork West,14,88,41,1,2,2,39,108,3,53,136,110
2016Q2,Kerry,16,102,70,6,0,2,51,236,5,114,338,312
2016Q2,Limerick,31,197,85,7,5,20,165,652,49,181,374,287
2016Q2,Laois/Offaly,22,130,46,4,0,8,147,396,18,137,177,151
2016Q2,Meath,18,143,55,5,0,7,135,385,41,72,119,98
2016Q2,Wicklow,18,99,32,0,2,7,164,458,17,118,124,102
2016Q2,Westmeath,11,75,50,1,3,2,62,213,19,495,134,119
2016Q2,Kildare,35,137,67,1,2,22,213,619,59,105,150,122
2016Q2,Tipperary,23,127,44,7,1,8,80,351,18,122,204,183
2016Q2,Wexford,18,115,58,2,1,5,116,326,23,86,170,144
2016Q2,Kilkenny/Carlow,22,136,60,3,0,7,103,343,10,196,278,251
2016Q2,Waterford,21,108,59,2,0,4,126,415,12,83,195,168
2016Q2,D.M.R. South Central,36,294,38,2,2,68,295,1898,59,263,667,529
2016Q2,D.M.R. North Central,23,219,37,1,0,65,205,1900,60,312,648,363
2016Q2,D.M.R. Northern,53,288,86,5,2,57,364,1163,106,307,236,185
2016Q2,D.M.R. Southern,56,193,64,2,2,76,427,1033,98,234,241,182
2016Q2,D.M.R. Eastern,14,108,25,0,2,16,398,842,81,67,137,105
2016Q2,D.M.R. Western,51,322,102,2,0,80,375,1464,214,364,260,203
2016Q3,Cavan/Monaghan,7,174,93,0,0,4,101,207,14,56,229,214
2016Q3,Donegal,23,180,93,3,2,6,55,202,15,59,283,252
2016Q3,Sligo/Leitrim,6,75,42,0,0,6,58,195,10,43,176,166
2016Q3,Louth,26,138,59,1,1,22,183,497,31,85,177,147
2016Q3,Clare,5,111,54,0,1,6,52,206,9,81,234,190
2016Q3,Mayo,11,110,57,0,0,3,78,171,8,71,202,189
2016Q3,Galway,23,185,90,0,3,6,113,452,18,176,494,441
2016Q3,Roscommon/Longford,15,70,36,0,0,4,54,200,9,50,101,94
2016Q3,Cork City,32,239,85,1,2,24,103,822,61,236,546,455
2016Q3,Cork North,16,100,60,1,0,2,49,206,8,104,234,215
2016Q3,Cork West,17,67,51,0,0,0,32,113,5,87,107,91
2016Q3,Kerry,14,116,59,2,1,1,44,221,15,106,401,366
2016Q3,Limerick,32,181,81,10,3,18,173,658,43,221,313,241
2016Q3,Laois/Offaly,21,139,44,3,2,9,125,384,26,117,160,137
2016Q3,Meath,19,109,66,0,1,6,168,378,26,74,129,108
2016Q3,Wicklow,25,102,44,1,2,6,161,462,27,154,127,108
2016Q3,Westmeath,12,76,50,2,1,3,54,222,12,88,165,151
2016Q3,Kildare,28,152,71,3,2,19,211,512,41,120,127,103
2016Q3,Tipperary,21,114,68,4,0,1,109,310,29,153,179,160
2016Q3,Wexford,19,107,58,0,1,3,124,344,33,105,145,128
2016Q3,Kilkenny/Carlow,15,127,47,1,1,4,95,339,19,130,219,193
2016Q3,Waterford,9,112,56,1,0,9,142,441,13,108,233,220
2016Q3,D.M.R. South Central,27,249,25,4,1,74,329,1943,65,224,607,476
2016Q3,D.M.R. North Central,28,235,45,3,0,53,271,2076,84,316,632,364
2016Q3,D.M.R. Northern,45,289,85,1,3,72,392,1296,127,308,262,216
2016Q3,D.M.R. Southern,38,210,62,2,1,60,381,1032,96,403,281,220
2016Q3,D.M.R. Eastern,19,108,28,1,3,13,464,788,45,76,151,116
2016Q3,D.M.R. Western,33,297,70,3,4,105,433,1445,165,410,271,218
2016Q4,Cavan/Monaghan,19,161,101,0,1,6,74,205,17,71,286,255
2016Q4,Donegal,29,174,72,1,1,6,68,201,10,48,330,292
2016Q4,Sligo/Leitrim,6,70,42,1,0,5,61,173,7,61,130,121
2016Q4,Louth,12,103,44,0,1,21,162,421,24,63,193,168
2016Q4,Clare,9,65,43,1,1,2,95,222,12,88,188,146
2016Q4,Mayo,16,84,34,0,1,2,61,180,5,53,187,171
2016Q4,Galway,29,160,128,3,1,10,120,466,23,137,468,417
2016Q4,Roscommon/Longford,5,70,43,0,1,7,71,213,6,54,106,91
2016Q4,Cork City,30,277,78,2,2,28,125,960,73,208,565,473
2016Q4,Cork North,10,113,76,2,0,3,68,222,17,129,225,199
2016Q4,Cork West,13,97,63,1,2,3,36,111,5,70,103,88
2016Q4,Kerry,7,141,66,2,1,2,36,192,4,122,359,336
2016Q4,Limerick,26,195,91,6,7,13,198,715,53,215,351,273
2016Q4,Laois/Offaly,26,161,76,3,5,8,158,375,16,103,184,163
2016Q4,Meath,10,71,82,1,2,10,147,425,51,66,113,90
2016Q4,Wicklow,30,109,46,3,1,8,171,410,27,177,153,126
2016Q4,Westmeath,9,68,60,3,1,3,59,264,18,105,200,183
2016Q4,Kildare,32,162,84,2,4,31,267,569,49,144,179,133
2016Q4,Tipperary,14,108,77,3,1,1,129,322,15,119,198,177
2016Q4,Wexford,20,108,59,3,1,2,149,361,19,118,159,144
2016Q4,Kilkenny/Carlow,17,110,50,0,2,6,115,345,19,144,274,250
2016Q4,Waterford,18,108,64,2,2,6,145,378,24,103,230,206
2016Q4,D.M.R. South Central,26,284,38,1,2,58,268,1937,54,191,726,556
2016Q4,D.M.R. North Central,22,238,50,1,0,57,171,1942,73,302,645,361
2016Q4,D.M.R. Northern,40,310,94,2,4,64,535,1321,115,223,268,201
2016Q4,D.M.R. Southern,24,175,62,3,0,45,375,1077,112,232,284,219
2016Q4,D.M.R. Eastern,19,106,20,3,8,16,510,800,44,66,150,97
2016Q4,D.M.R. Western,48,285,95,2,6,77,443,1570,259,352,313,245
2017Q1,Cavan/Monaghan,18,161,96,1,0,2,85,226,15,53,279,253
2017Q1,Donegal,15,201,85,1,1,2,80,156,12,80,301,273
2017Q1,Sligo/Leitrim,20,61,43,1,0,2,68,168,5,69,116,103
2017Q1,Louth,24,148,33,1,1,26,165,427,26,144,198,172
2017Q1,Clare,15,79,38,1,1,3,60,213,15,90,142,102
2017Q1,Mayo,16,107,43,0,0,2,61,182,15,43,145,121
2017Q1,Galway,31,193,111,3,1,12,174,464,14,159,465,410
2017Q1,Roscommon/Longford,7,76,46,1,0,1,76,192,8,40,111,97
2017Q1,Cork City,72,311,78,1,3,18,138,808,55,243,621,548
2017Q1,Cork North,32,125,56,4,0,3,64,209,11,140,203,167
2017Q1,Cork West,24,89,57,3,0,2,27,109,6,62,130,109
2017Q1,Kerry,20,123,73,4,0,4,74,214,6,145,348,316
2017Q1,Limerick,39,240,81,1,2,23,215,720,55,192,307,226
2017Q1,Laois/Offaly,32,175,72,1,1,9,158,369,18,448,172,141
2017Q1,Meath,17,122,55,3,3,12,185,483,41,75,157,127
2017Q1,Wicklow,23,117,32,2,0,4,186,419,24,104,128,104
2017Q1,Westmeath,15,71,39,5,4,3,67,211,5,69,159,142
2017Q1,Kildare,25,191,89,2,2,17,289,614,42,162,157,126
2017Q1,Tipperary,24,131,97,4,0,6,98,235,13,158,210,193
2017Q1,Wexford,29,128,60,2,0,5,124,327,16,120,145,130
2017Q1,Kilkenny/Carlow,22,125,63,1,0,9,122,360,12,131,278,236
2017Q1,Waterford,29,110,67,2,1,10,138,380,18,108,228,194
2017Q1,D.M.R. South Central,39,321,43,3,0,64,283,2290,46,288,844,625
2017Q1,D.M.R. North Central,21,239,39,1,1,67,181,1979,72,270,652,415
2017Q1,D.M.R. Northern,54,277,107,5,1,64,394,1369,136,284,317,243
2017Q1,D.M.R. Southern,30,182,53,4,4,48,353,1030,80,201,276,211
2017Q1,D.M.R. Eastern,23,139,34,2,4,16,457,864,63,121,157,96
2017Q1,D.M.R. Western,48,278,91,8,6,59,421,1534,227,344,273,228
2017Q2,Cavan/Monaghan,15,186,89,5,1,6,140,272,23,57,249,216
2017Q2,Donegal,30,230,105,1,3,1,78,172,18,93,347,319
2017Q2,Sligo/Leitrim,13,105,40,0,3,3,64,215,8,28,142,131
2017Q2,Louth,33,179,54,1,2,21,182,439,33,77,194,166
2017Q2,Clare,14,112,48,0,0,5,69,237,10,91,199,155
2017Q2,Mayo,14,99,69,0,1,2,42,207,14,28,153,129
2017Q2,Galway,40,214,116,3,2,5,134,560,18,133,441,373
2017Q2,Roscommon/Longford,13,87,54,1,1,3,69,196,5,66,99,83
2017Q2,Cork City,52,287,88,1,6,17,150,913,67,210,495,445
2017Q2,Cork North,21,132,80,3,1,2,59,215,26,186,210,182
2017Q2,Cork West,15,115,47,6,0,1,26,115,2,105,135,119
2017Q2,Kerry,18,121,63,7,1,5,67,245,5,187,370,326
2017Q2,Limerick,30,281,80,1,5,10,197,793,30,182,359,262
2017Q2,Laois/Offaly,27,214,70,2,3,12,169,371,16,112,223,182
2017Q2,Meath,28,150,72,2,2,8,204,557,37,98,163,124
2017Q2,Wicklow,17,128,40,3,1,5,154,471,20,119,152,116
2017Q2,Westmeath,10,80,62,3,3,5,84,299,18,755,146,123
2017Q2,Kildare,24,201,87,4,3,19,314,644,57,162,153,123
2017Q2,Tipperary,23,120,102,1,1,3,79,316,26,157,253,232
2017Q2,Wexford,25,126,63,4,4,4,156,340,23,83,149,136
2017Q2,Kilkenny/Carlow,38,143,40,2,3,4,107,350,21,106,255,219
2017Q2,Waterford,19,193,43,2,1,11,133,449,16,114,228,192
2017Q2,D.M.R. South Central,28,326,33,1,2,71,286,2073,72,264,911,642
2017Q2,D.M.R. North Central,24,267,38,3,1,52,236,1895,86,211,629,404
2017Q2,D.M.R. Northern,57,300,80,4,3,68,362,1681,144,274,303,234
2017Q2,D.M.R. Southern,35,213,54,1,5,53,321,1026,71,251,287,219
2017Q2,D.M.R. Eastern,26,146,34,1,4,13,352,863,46,93,171,117
2017Q2,D.M.R. Western,51,314,88,1,5,91,335,1771,201,372,347,281
2017Q3,Cavan/Monaghan,12,159,107,2,1,3,140,225,21,66,320,294
2017Q3,Donegal,28,170,100,1,3,4,72,179,18,52,254,220
2017Q3,Sligo/Leitrim,10,117,33,2,1,6,64,189,5,42,142,129
2017Q3,Louth,26,179,41,1,4,11,148,481,38,96,208,182
2017Q3,Clare,14,113,41,0,0,5,49,214,12,67,190,140
2017Q3,Mayo,22,108,72,0,0,1,56,185,12,47,186,164
2017Q3,Galway,18,247,105,1,1,18,158,587,36,133,452,385
2017Q3,Roscommon/Longford,10,103,44,2,0,1,94,207,7,58,109,90
2017Q3,Cork City,38,318,89,2,1,18,168,1017,92,219,581,493
2017Q3,Cork North,20,133,70,8,0,5,78,227,20,106,226,196
2017Q3,Cork West,20,103,53,4,1,1,33,111,8,124,135,113
2017Q3,Kerry,11,120,77,2,3,2,63,248,12,131,395,357
2017Q3,Limerick,24,226,90,5,4,24,197,801,49,206,277,210
2017Q3,Laois/Offaly,28,181,62,2,1,16,179,412,29,117,190,161
2017Q3,Meath,18,104,86,1,2,11,209,643,70,115,122,100
2017Q3,Wicklow,18,116,39,3,0,11,168,472,25,113,158,134
2017Q3,Westmeath,17,80,47,1,1,1,97,312,18,87,163,141
2017Q3,Kildare,26,201,82,1,2,21,293,729,60,152,171,129
2017Q3,Tipperary,22,131,95,6,1,4,84,314,27,197,221,203
2017Q3,Wexford,17,125,73,0,1,5,129,343,13,90,153,135
2017Q3,Kilkenny/Carlow,25,120,58,1,1,8,98,402,17,111,293,255
2017Q3,Waterford,22,128,64,4,0,10,123,420,5,137,242,213
2017Q3,D.M.R. South Central,35,321,40,3,3,71,320,2108,54,247,964,657
2017Q3,D.M.R. North Central,32,258,39,3,2,59,228,1998,94,280,790,568
2017Q3,D.M.R. Northern,45,276,66,3,3,74,413,1563,155,245,281,224
2017Q3,D.M.R. Southern,47,196,53,3,4,47,345,1061,75,341,269,215
2017Q3,D.M.R. Eastern,16,129,40,1,6,12,408,931,52,126,171,131
2017Q3,D.M.R. Western,52,310,107,4,6,88,366,1631,210,340,287,247
2017Q4,Cavan/Monaghan,12,185,92,6,0,3,121,207,18,70,268,240
2017Q4,Donegal,30,182,71,3,1,4,62,181,15,64,297,268
2017Q4,Sligo/Leitrim,10,100,46,2,1,3,79,170,7,43,150,139
2017Q4,Louth,22,170,47,2,3,13,176,426,24,90,228,209
2017Q4,Clare,12,81,49,2,0,5,59,201,11,73,138,119
2017Q4,Mayo,8,102,53,1,0,1,60,199,10,41,152,137
2017Q4,Galway,42,204,119,2,4,11,210,515,16,175,478,397
2017Q4,Roscommon/Longford,8,74,48,5,1,5,99,166,8,34,117,104
2017Q4,Cork City,52,303,83,3,3,24,165,985,73,176,616,501
2017Q4,Cork North,21,116,82,7,0,3,94,205,29,130,212,187
2017Q4,Cork West,14,98,47,5,0,3,28,82,5,48,144,132
2017Q4,Kerry,26,164,84,3,2,2,46,244,9,151,394,354
2017Q4,Limerick,33,209,80,4,8,18,210,828,39,198,331,256
2017Q4,Laois/Offaly,32,165,76,2,5,9,146,403,24,115,189,161
2017Q4,Meath,20,124,67,1,2,14,210,510,44,74,126,93
2017Q4,Wicklow,30,99,31,3,0,9,213,442,15,125,146,122
2017Q4,Westmeath,11,85,64,5,1,2,111,261,14,70,160,140
2017Q4,Kildare,27,165,80,8,1,13,288,618,47,126,188,151
2017Q4,Tipperary,21,138,100,5,0,7,114,318,21,132,259,234
2017Q4,Wexford,22,136,73,1,4,4,150,325,21,85,162,146
2017Q4,Kilkenny/Carlow,24,134,69,0,1,6,115,377,25,117,343,291
2017Q4,Waterford,28,123,55,1,0,13,162,423,14,104,258,239
2017Q4,D.M.R. South Central,37,311,34,2,3,101,313,2183,81,383,973,679
2017Q4,D.M.R. North Central,25,254,47,5,3,59,200,1823,83,249,644,405
2017Q4,D.M.R. Northern,48,328,77,5,5,102,409,1486,197,236,289,227
2017Q4,D.M.R. Southern,40,188,52,3,2,71,340,988,83,227,228,180
2017Q4,D.M.R. Eastern,24,136,28,1,4,21,503,856,40,90,157,127
2017Q4,D.M.R. Western,38,258,112,4,7,133,431,1605,218,328,297,256
2018Q1,Cavan/Monaghan,18,178,71,10,1,1,98,222,20,67,275,252
2018Q1,Donegal,43,202,80,4,3,6,48,180,15,67,276,260
2018Q1,Sligo/Leitrim,10,80,27,4,4,2,75,159,5,59,164,144
2018Q1,Louth,35,169,45,0,2,13,161,381,27,100,233,223
2018Q1,Clare,16,105,44,2,3,4,54,205,10,74,137,106
2018Q1,Mayo,15,103,45,2,2,2,70,204,11,82,169,147
2018Q1,Galway,35,207,98,3,1,20,148,478,24,167,447,403
2018Q1,Roscommon/Longford,13,101,48,5,1,4,73,168,9,25,100,90
2018Q1,Cork City,48,231,69,2,6,16,138,969,96,200,571,500
2018Q1,Cork North,20,113,72,5,1,1,77,252,26,150,218,198
2018Q1,Cork West,16,94,50,6,1,2,38,138,10,78,141,128
2018Q1,Kerry,14,156,83,4,3,3,67,240,9,107,355,313
2018Q1,Limerick,45,215,65,3,6,24,261,797,60,163,348,265
2018Q1,Laois/Offaly,34,203,61,5,1,7,97,326,24,398,188,168
2018Q1,Meath,26,142,63,2,6,14,152,463,47,74,118,96
2018Q1,Wicklow,28,128,29,0,1,4,117,379,16,116,126,105
2018Q1,Westmeath,12,109,38,2,1,7,54,180,6,49,157,132
2018Q1,Kildare,24,199,101,9,2,14,243,504,42,152,147,115
2018Q1,Tipperary,27,143,94,1,1,6,82,234,15,155,230,202
2018Q1,Wexford,36,145,53,0,0,2,123,294,11,91,135,124
2018Q1,Kilkenny/Carlow,31,108,54,1,0,7,104,278,14,152,245,219
2018Q1,Waterford,37,154,36,2,2,8,122,420,15,134,213,199
2018Q1,D.M.R. South Central,39,341,41,1,3,112,274,1981,46,253,846,652
2018Q1,D.M.R. North Central,30,301,53,3,2,60,206,1758,61,299,633,435
2018Q1,D.M.R. Northern,67,301,78,3,3,105,363,1708,272,250,288,230
2018Q1,D.M.R. Southern,47,207,58,3,8,65,359,871,84,224,223,180
2018Q1,D.M.R. Eastern,21,124,31,1,6,16,330,759,49,113,126,99
2018Q1,D.M.R. Western,51,304,84,7,7,87,356,1373,200,367,301,251
2018Q2,Cavan/Monaghan,21,198,88,18,1,2,111,232,25,73,292,267
2018Q2,Donegal,29,187,87,5,2,1,45,158,13,93,347,327
2018Q2,Sligo/Leitrim,16,93,28,1,1,2,60,171,10,70,139,127
2018Q2,Louth,30,196,59,0,0,17,150,406,13,114,256,232
2018Q2,Clare,12,96,49,3,0,0,65,239,10,69,191,166
2018Q2,Mayo,8,98,66,4,1,1,50,166,8,49,161,139
2018Q2,Galway,44,269,114,1,2,9,168,523,21,132,461,411
2018Q2,Roscommon/Longford,11,87,51,7,1,3,67,131,6,51,116,108
2018Q2,Cork City,56,274,80,6,11,23,117,963,78,253,687,565
2018Q2,Cork North,18,113,82,7,1,5,51,230,18,186,216,194
2018Q2,Cork West,9,92,42,6,1,0,17,118,8,81,142,127
2018Q2,Kerry,31,144,68,8,0,6,72,235,8,194,377,341
2018Q2,Limerick,20,248,71,3,15,15,222,775,50,167,340,252
2018Q2,Laois/Offaly,33,209,75,3,3,11,114,371,17,155,216,178
2018Q2,Meath,20,142,87,3,3,10,145,543,51,110,123,108
2018Q2,Wicklow,25,103,34,0,2,4,114,478,37,129,135,120
2018Q2,Westmeath,12,97,45,5,9,1,68,228,8,823,145,123
2018Q2,Kildare,28,221,103,11,1,12,205,588,34,176,178,150
2018Q2,Tipperary,31,165,111,5,3,3,73,294,19,133,295,280
2018Q2,Wexford,42,151,78,6,1,3,121,281,11,90,176,167
2018Q2,Kilkenny/Carlow,13,146,59,7,4,7,73,318,15,150,271,241
2018Q2,Waterford,24,172,60,2,0,12,103,429,13,190,222,198
2018Q2,D.M.R. South Central,42,334,33,3,1,92,234,1928,42,360,862,695
2018Q2,D.M.R. North Central,30,300,42,6,2,73,193,1946,56,359,684,492
2018Q2,D.M.R. Northern,49,336,93,4,5,96,386,1716,210,334,302,245
2018Q2,D.M.R. Southern,39,192,46,8,8,61,342,984,74,267,276,207
2018Q2,D.M.R. Eastern,40,148,29,5,1,26,263,791,54,143,163,121
2018Q2,D.M.R. Western,67,365,80,8,7,74,373,1447,196,391,343,291
2018Q3,Cavan/Monaghan,19,209,97,10,4,7,81,250,28,54,304,286
2018Q3,Donegal,32,156,76,5,2,4,62,178,13,59,269,258
2018Q3,Sligo/Leitrim,16,98,46,1,3,1,54,206,2,57,178,167
2018Q3,Louth,27,158,54,0,1,17,180,480,28,130,284,256
2018Q3,Clare,16,109,44,2,1,8,93,264,22,87,176,140
2018Q3,Mayo,20,115,53,5,1,3,56,189,6,57,176,156
2018Q3,Galway,34,212,91,1,2,12,173,483,25,122,419,352
2018Q3,Roscommon/Longford,25,98,30,12,3,4,66,194,10,34,95,88
2018Q3,Cork City,44,301,73,1,13,26,142,1067,83,209,598,503
2018Q3,Cork North,33,130,76,6,1,3,60,209,13,163,208,193
2018Q3,Cork West,19,101,48,8,1,2,20,103,4,133,173,150
2018Q3,Kerry,41,162,57,4,2,4,69,304,4,165,407,380
2018Q3,Limerick,25,238,90,5,3,21,213,809,45,148,353,214
2018Q3,Laois/Offaly,34,207,59,3,6,10,119,342,19,312,202,174
2018Q3,Meath,34,139,67,3,4,7,170,525,55,129,114,102
2018Q3,Wicklow,29,116,43,0,4,7,122,388,15,109,141,113
2018Q3,Westmeath,24,100,45,1,1,1,61,219,9,123,139,116
2018Q3,Kildare,29,189,93,15,2,13,227,566,45,166,221,181
2018Q3,Tipperary,23,133,73,2,7,4,113,282,18,178,281,263
2018Q3,Wexford,30,143,81,3,6,7,100,337,20,71,194,176
2018Q3,Kilkenny/Carlow,24,118,66,5,0,1,118,295,13,139,300,270
2018Q3,Waterford,20,124,49,2,1,18,104,480,27,118,249,228
2018Q3,D.M.R. South Central,29,306,50,3,5,107,323,2077,55,322,857,696
2018Q3,D.M.R. North Central,37,305,41,2,5,74,185,1729,69,309,629,469
2018Q3,D.M.R. Northern,37,317,74,5,7,94,417,1642,185,274,322,251
2018Q3,D.M.R. Southern,37,221,62,9,4,60,308,1020,91,451,293,221
2018Q3,D.M.R. Eastern,24,125,40,2,2,18,276,810,50,98,176,127
2018Q3,D.M.R. Western,58,334,77,8,9,104,352,1437,193,482,313,273
2018Q4,Cavan/Monaghan,28,181,90,28,8,2,113,274,28,70,349,319
2018Q4,Donegal,30,168,87,6,2,3,70,174,15,67,302,281
2018Q4,Sligo/Leitrim,23,95,30,1,3,4,53,173,5,61,144,133
2018Q4,Louth,30,183,67,0,4,13,170,448,30,151,277,254
2018Q4,Clare,10,89,43,3,1,6,69,240,13,88,148,121
2018Q4,Mayo,22,113,52,7,4,4,34,168,1,50,178,168
2018Q4,Galway,35,268,91,2,5,8,121,443,17,114,423,363
2018Q4,Roscommon/Longford,6,106,39,3,2,3,50,147,6,34,105,93
2018Q4,Cork City,61,303,82,6,13,20,123,1129,63,276,688,577
2018Q4,Cork North,18,143,61,5,2,2,69,211,9,139,211,196
2018Q4,Cork West,16,81,48,13,0,1,41,118,10,49,124,110
2018Q4,Kerry,20,156,70,3,1,7,46,218,11,159,361,329
2018Q4,Limerick,45,237,63,8,16,20,241,841,48,152,353,260
2018Q4,Laois/Offaly,23,190,82,6,1,6,120,361,15,120,209,185
2018Q4,Meath,18,129,72,1,2,9,155,505,41,66,136,112
2018Q4,Wicklow,24,113,32,0,0,8,144,379,13,150,131,114
2018Q4,Westmeath,18,95,35,2,3,5,64,229,13,77,169,159
2018Q4,Kildare,24,191,102,25,4,16,230,598,53,165,201,176
2018Q4,Tipperary,16,139,104,3,3,5,111,306,15,147,311,286
2018Q4,Wexford,17,149,57,6,2,4,110,276,19,76,194,166
2018Q4,Kilkenny/Carlow,29,120,59,4,1,7,115,333,13,149,309,271
2018Q4,Waterford,27,176,61,3,3,11,81,441,12,127,265,246
2018Q4,D.M.R. South Central,42,317,39,1,1,99,283,2083,77,305,995,715
2018Q4,D.M.R. North Central,32,299,44,4,5,78,186,2004,91,243,615,443
2018Q4,D.M.R. Northern,38,383,70,5,2,106,454,1724,229,234,335,258
2018Q4,D.M.R. Southern,39,261,63,11,5,75,388,1143,70,259,299,237
2018Q4,D.M.R. Eastern,11,128,43,5,5,21,309,805,42,82,175,143
2018Q4,D.M.R. Western,54,371,107,13,7,89,452,1672,271,457,360,312
2019Q1,Cavan/Monaghan,21,198,75,28,0,6,109,226,15,80,278,255
2019Q1,Donegal,38,215,100,12,1,3,59,176,20,96,345,329
2019Q1,Sligo/Leitrim,22,98,31,0,1,3,60,161,5,57,147,139
2019Q1,Louth,31,174,44,0,1,25,110,407,22,173,271,252
2019Q1,Clare,13,108,56,5,0,3,52,195,16,110,109,92
2019Q1,Mayo,26,120,45,11,2,4,32,155,3,31,163,147
2019Q1,Galway,46,237,94,6,1,3,121,455,20,135,390,353
2019Q1,Roscommon/Longford,9,109,22,4,2,2,57,164,12,58,98,89
2019Q1,Cork City,51,302,65,5,10,16,96,959,81,289,543,493
2019Q1,Cork North,32,174,67,17,1,1,56,202,14,170,227,211
2019Q1,Cork West,26,89,48,15,0,2,27,112,9,86,154,130
2019Q1,Kerry,36,172,63,18,1,2,53,246,8,205,317,285
2019Q1,Limerick,33,254,59,17,7,24,204,733,44,197,301,252
2019Q1,Laois/Offaly,30,205,71,9,3,5,98,371,26,237,205,187
2019Q1,Meath,19,159,65,2,2,13,104,438,40,120,151,125
2019Q1,Wicklow,25,119,43,7,1,8,156,439,26,122,147,122
2019Q1,Westmeath,22,115,35,4,0,10,67,242,24,82,147,126
2019Q1,Kildare,35,204,66,38,1,17,275,623,42,180,219,183
2019Q1,Tipperary,24,142,94,4,0,4,113,272,19,164,242,229
2019Q1,Wexford,26,151,66,3,5,5,122,276,17,128,159,141
2019Q1,Kilkenny/Carlow,31,112,64,2,4,10,70,296,16,156,305,280
2019Q1,Waterford,23,155,45,12,2,9,61,394,14,222,249,234
2019Q1,D.M.R. South Central,46,327,28,6,3,94,297,2062,81,329,845,713
2019Q1,D.M.R. North Central,37,343,53,4,1,67,150,1692,64,305,665,491
2019Q1,D.M.R. Northern,66,416,75,7,2,80,408,1639,204,334,334,266
2019Q1,D.M.R. Southern,39,228,44,16,4,61,336,1193,94,306,319,241
2019Q1,D.M.R. Eastern,28,125,38,3,3,21,275,725,31,184,187,120
2019Q1,D.M.R. Western,87,384,102,25,8,79,448,1632,291,503,362,305
2019Q2,Cavan/Monaghan,25,195,84,30,1,4,69,244,28,80,316,287
2019Q2,Donegal,33,210,97,19,2,6,60,194,12,162,367,333
2019Q2,Sligo/Leitrim,23,89,42,7,0,5,55,184,7,80,220,206
2019Q2,Louth,27,181,47,0,2,24,122,475,28,202,231,208
2019Q2,Clare,20,87,40,2,2,7,52,213,19,88,149,125
2019Q2,Mayo,16,98,38,9,0,1,29,196,7,35,152,135
2019Q2,Galway,46,240,101,4,2,10,108,546,21,145,449,396
2019Q2,Roscommon/Longford,12,118,33,11,1,0,68,114,8,59,110,97
2019Q2,Cork City,50,333,62,5,8,37,126,996,64,259,609,550
2019Q2,Cork North,33,163,62,25,1,3,60,221,15,172,227,210
2019Q2,Cork West,10,83,51,18,1,1,28,104,5,118,165,151
2019Q2,Kerry,30,201,57,12,1,2,67,245,10,170,392,357
2019Q2,Limerick,35,220,59,12,5,18,180,756,34,231,315,233
2019Q2,Laois/Offaly,37,196,71,12,1,4,104,352,17,131,195,174
2019Q2,Meath,25,130,58,1,3,15,137,561,67,174,144,124
2019Q2,Wicklow,28,122,37,3,1,2,169,454,17,154,159,142
2019Q2,Westmeath,15,94,36,5,4,6,76,260,19,939,149,133
2019Q2,Kildare,28,173,81,43,2,14,195,664,52,195,222,189
2019Q2,Tipperary,24,129,107,2,3,1,101,291,29,142,265,246
2019Q2,Wexford,30,127,51,8,2,7,108,247,16,110,162,143
2019Q2,Kilkenny/Carlow,19,94,64,2,2,5,78,325,13,136,283,260
2019Q2,Waterford,39,150,53,7,2,11,98,466,13,205,243,226
2019Q2,D.M.R. South Central,41,356,31,6,2,76,280,2035,52,368,927,788
2019Q2,D.M.R. North Central,40,346,49,13,1,73,152,1910,74,382,605,489
2019Q2,D.M.R. Northern,57,366,68,17,7,56,374,1584,200,393,364,287
2019Q2,D.M.R. Southern,49,238,49,16,7,61,323,1129,81,421,325,255
2019Q2,D.M.R. Eastern,14,127,27,10,1,15,258,804,46,150,205,139
2019Q2,D.M.R. Western,42,387,101,28,8,64,439,1797,223,597,386,319
2019Q3,Cavan/Monaghan,24,198,64,43,3,5,126,250,22,87,295,270
2019Q3,Donegal,28,219,85,14,1,5,77,197,13,84,327,292
2019Q3,Sligo/Leitrim,12,117,30,3,1,4,42,177,9,63,184,171
2019Q3,Louth,20,173,47,1,2,26,133,466,23,204,340,311
2019Q3,Clare,13,112,58,2,1,3,56,215,14,70,128,118
2019Q3,Mayo,19,114,45,10,2,5,68,187,8,38,162,152
2019Q3,Galway,48,246,86,3,4,13,163,571,27,144,449,414
2019Q3,Roscommon/Longford,17,122,33,18,1,3,68,136,10,71,92,83
2019Q3,Cork City,53,379,64,6,5,52,138,977,70,271,580,511
2019Q3,Cork North,25,151,55,10,1,4,53,270,22,122,239,211
2019Q3,Cork West,21,99,57,22,0,1,22,93,9,76,142,127
2019Q3,Kerry,19,172,67,11,3,3,77,295,9,175,345,314
2019Q3,Limerick,28,231,63,16,4,12,180,699,34,170,325,240
2019Q3,Laois/Offaly,29,236,61,4,2,7,116,383,13,551,245,218
2019Q3,Meath,15,171,74,3,2,11,151,526,45,64,156,127
2019Q3,Wicklow,28,146,33,4,1,9,195,490,22,147,164,130
2019Q3,Westmeath,16,119,34,3,2,7,72,266,17,70,140,123
2019Q3,Kildare,33,200,77,49,2,6,253,625,48,251,227,192
2019Q3,Tipperary,29,144,71,4,2,5,80,261,12,86,264,246
2019Q3,Wexford,29,126,49,4,1,2,122,242,10,91,146,131
2019Q3,Kilkenny/Carlow,28,122,57,1,2,4,100,334,17,161,280,246
2019Q3,Waterford,31,179,47,4,2,11,109,456,16,150,237,223
2019Q3,D.M.R. South Central,41,363,20,9,3,94,298,2187,59,329,890,756
2019Q3,D.M.R. North Central,28,300,38,8,1,63,162,1916,78,349,650,511
2019Q3,D.M.R. Northern,51,417,84,17,3,88,433,1712,201,455,367,302
2019Q3,D.M.R. Southern,43,256,65,16,5,57,342,1176,95,329,296,243
2019Q3,D.M.R. Eastern,20,143,32,5,4,25,218,915,45,124,164,125
2019Q3,D.M.R. Western,73,408,124,34,6,67,443,1681,238,605,359,296
2019Q4,Cavan/Monaghan,22,171,90,32,3,12,115,210,19,91,365,340
2019Q4,Donegal,33,222,89,23,2,4,63,139,10,117,351,319
2019Q4,Sligo/Leitrim,11,110,32,7,4,2,54,164,9,71,176,159
2019Q4,Louth,23,178,48,2,1,18,151,423,17,169,287,264
2019Q4,Clare,9,113,40,1,1,6,59,184,14,64,119,102
2019Q4,Mayo,21,100,42,5,1,4,40,166,4,62,148,133
2019Q4,Galway,52,250,95,5,4,14,139,501,19,136,445,405
2019Q4,Roscommon/Longford,12,120,23,10,1,11,49,149,7,76,103,94
2019Q4,Cork City,40,314,71,8,3,29,124,933,59,243,579,520
2019Q4,Cork North,15,169,55,20,0,2,63,255,17,118,218,206
2019Q4,Cork West,7,87,35,11,0,2,22,85,8,62,122,112
2019Q4,Kerry,19,194,72,16,1,6,60,266,16,156,377,343
2019Q4,Limerick,45,247,56,34,9,27,246,801,31,185,285,214
2019Q4,Laois/Offaly,31,183,67,10,3,5,115,299,13,121,233,213
2019Q4,Meath,23,137,85,1,1,7,178,509,74,120,135,116
2019Q4,Wicklow,15,99,42,11,2,10,158,432,19,148,141,115
2019Q4,Westmeath,10,121,41,4,2,7,97,256,9,89,132,118
2019Q4,Kildare,41,175,82,32,2,18,261,488,33,162,192,173
2019Q4,Tipperary,18,151,60,3,3,3,109,246,12,125,232,220
2019Q4,Wexford,28,123,66,3,4,1,126,213,13,81,162,148
2019Q4,Kilkenny/Carlow,22,123,56,5,0,4,107,292,12,148,266,226
2019Q4,Waterford,21,158,62,8,2,4,100,384,10,180,234,212
2019Q4,D.M.R. South Central,42,384,30,10,6,97,317,2121,82,316,766,650
2019Q4,D.M.R. North Central,36,328,40,14,1,66,134,1789,69,307,728,527
2019Q4,D.M.R. Northern,35,394,71,11,6,100,459,1667,229,378,330,272
2019Q4,D.M.R. Southern,50,265,53,13,5,68,398,1162,76,297,286,219
2019Q4,D.M.R. Eastern,30,142,34,6,2,32,292,887,45,132,182,137
2019Q4,D.M.R. Western,61,430,90,30,8,88,485,1604,198,462,387,323
2020Q1,Cavan/Monaghan,20,146,72,31,2,1,102,223,15,99,229,203
2020Q1,Donegal,27,175,60,47,2,1,44,141,11,100,217,197
2020Q1,Sligo/Leitrim,15,87,18,12,1,2,58,158,8,77,158,138
2020Q1,Louth,27,167,40,10,1,9,95,396,26,225,236,215
2020Q1,Clare,14,95,26,5,0,6,61,182,12,104,122,100
2020Q1,Mayo,19,88,36,6,0,3,25,160,12,86,124,114
2020Q1,Galway,30,222,80,6,2,11,126,444,21,96,363,306
2020Q1,Roscommon/Longford,15,100,30,33,1,3,41,140,9,51,87,74
2020Q1,Cork City,51,279,56,12,5,23,111,784,61,312,478,431
2020Q1,Cork North,11,133,54,23,0,1,58,172,11,147,198,183
2020Q1,Cork West,16,77,26,19,1,2,19,87,9,73,79,69
2020Q1,Kerry,26,129,46,14,1,4,48,205,15,147,260,240
2020Q1,Limerick,32,193,39,27,5,13,192,912,43,208,330,218
2020Q1,Laois/Offaly,28,162,53,15,1,4,95,293,19,184,158,147
2020Q1,Meath,20,163,62,6,1,16,133,488,50,137,131,116
2020Q1,Wicklow,18,92,36,21,1,14,84,324,12,157,118,103
2020Q1,Westmeath,19,92,28,7,1,7,42,165,6,103,106,96
2020Q1,Kildare,17,169,41,30,4,8,123,452,31,190,170,150
2020Q1,Tipperary,14,107,61,16,2,2,83,258,21,157,196,180
2020Q1,Wexford,26,113,27,18,1,4,97,204,6,98,106,93
2020Q1,Kilkenny/Carlow,32,103,42,12,1,7,73,230,7,164,243,229
2020Q1,Waterford,26,159,34,22,0,11,72,308,17,177,211,186
2020Q1,D.M.R. South Central,41,290,36,15,2,74,269,1466,59,363,673,572
2020Q1,D.M.R. North Central,26,293,47,22,0,59,194,1355,61,369,641,481
2020Q1,D.M.R. Northern,43,390,82,43,5,83,229,1438,216,393,347,292
2020Q1,D.M.R. Southern,32,188,57,43,2,61,285,866,66,324,319,258
2020Q1,D.M.R. Eastern,22,151,25,16,2,19,246,744,50,133,192,130
2020Q1,D.M.R. Western,67,371,93,75,6,54,307,1444,173,729,421,334
2020Q2,Cavan/Monaghan,16,164,66,53,0,5,51,140,12,143,214,197
2020Q2,Donegal,29,152,49,54,2,5,30,127,13,170,183,165
2020Q2,Sligo/Leitrim,13,76,21,13,0,3,42,115,3,110,116,107
2020Q2,Louth,30,198,26,27,1,7,80,309,18,280,270,233
2020Q2,Clare,9,74,31,5,0,2,32,149,5,115,96,87
2020Q2,Mayo,20,103,32,5,1,3,25,101,4,83,96,83
2020Q2,Galway,44,243,95,10,2,12,93,401,16,155,381,345
2020Q2,Roscommon/Longford,13,97,28,13,0,2,24,154,4,75,97,87
2020Q2,Cork City,46,280,49,8,4,21,85,668,49,416,593,535
2020Q2,Cork North,19,116,51,15,1,1,29,160,10,176,175,157
2020Q2,Cork West,25,75,40,23,0,9,9,77,7,74,107,96
2020Q2,Kerry,21,138,32,18,1,2,34,183,4,172,251,231
2020Q2,Limerick,32,183,36,35,13,17,125,512,25,265,286,206
2020Q2,Laois/Offaly,22,170,35,17,1,7,60,317,21,179,181,161
2020Q2,Meath,27,135,52,6,3,8,75,377,37,147,148,130
2020Q2,Wicklow,21,80,28,13,0,2,51,256,11,207,144,121
2020Q2,Westmeath,17,93,28,5,1,0,29,132,6,96,86,74
2020Q2,Kildare,33,155,50,32,1,3,88,381,23,215,168,143
2020Q2,Tipperary,25,141,71,18,2,4,57,233,19,220,208,192
2020Q2,Wexford,24,120,21,14,2,7,91,221,10,103,141,126
2020Q2,Kilkenny/Carlow,40,82,36,27,1,5,62,192,10,164,219,193
2020Q2,Waterford,17,147,42,35,2,6,49,215,12,195,216,203
2020Q2,D.M.R. South Central,29,262,33,17,3,52,161,1121,51,384,726,642
2020Q2,D.M.R. North Central,24,259,35,25,0,46,88,952,51,369,808,557
2020Q2,D.M.R. Northern,45,362,75,28,4,72,172,1299,133,524,432,351
2020Q2,D.M.R. Southern,33,209,57,48,2,31,145,789,84,397,356,297
2020Q2,D.M.R. Eastern,32,159,37,12,1,12,140,676,38,142,240,187
2020Q2,D.M.R. Western,55,411,101,70,6,64,217,1222,125,947,508,437
2020Q3,Cavan/Monaghan,16,173,66,44,1,2,54,140,9,134,221,203
2020Q3,Donegal,32,151,67,50,3,1,28,116,7,125,218,206
2020Q3,Sligo/Leitrim,14,76,32,10,1,4,34,153,9,66,154,140
2020Q3,Louth,22,202,38,20,3,7,99,346,14,203,274,247
2020Q3,Clare,20,95,30,4,1,2,43,199,9,106,111,97
2020Q3,Mayo,19,109,41,9,1,1,28,133,9,85,140,130
2020Q3,Galway,40,253,91,5,1,12,106,440,19,170,438,394
2020Q3,Roscommon/Longford,8,92,15,14,3,2,22,151,9,89,85,74
2020Q3,Cork City,43,262,56,19,4,23,94,693,46,387,549,486
2020Q3,Cork North,24,145,51,28,1,3,44,186,11,181,199,174
2020Q3,Cork West,6,101,35,21,1,4,20,104,10,86,90,81
2020Q3,Kerry,20,169,41,34,2,3,44,184,5,128,264,239
2020Q3,Limerick,44,202,48,61,4,17,131,698,21,213,456,221
2020Q3,Laois/Offaly,29,178,35,11,2,5,62,298,17,167,206,178
2020Q3,Meath,14,140,84,9,3,8,107,490,54,115,161,130
2020Q3,Wicklow,31,96,40,11,1,5,115,385,22,150,164,139
2020Q3,Westmeath,16,119,37,7,2,7,40,192,10,83,125,115
2020Q3,Kildare,31,160,59,48,1,7,108,473,44,172,210,175
2020Q3,Tipperary,31,141,68,30,0,1,67,265,27,176,222,201
2020Q3,Wexford,31,164,34,20,0,3,97,239,17,106,126,103
2020Q3,Kilkenny/Carlow,52,107,56,18,3,7,55,230,12,169,237,217
2020Q3,Waterford,31,200,43,44,0,12,54,302,13,174,244,226
2020Q3,D.M.R. South Central,43,262,30,15,3,75,225,1373,82,365,926,790
2020Q3,D.M.R. North Central,30,298,43,28,4,55,141,1225,60,343,753,539
2020Q3,D.M.R. Northern,54,377,76,36,5,78,281,1585,168,439,373,288
2020Q3,D.M.R. Southern,41,216,55,36,4,31,190,1009,83,347,350,293
2020Q3,D.M.R. Eastern,38,156,33,13,0,23,230,813,57,133,243,172
2020Q3,D.M.R. Western,58,429,103,91,6,75,288,1539,170,767,411,343
2020Q4,Cavan/Monaghan,14,163,54,35,2,3,48,144,17,105,198,184
2020Q4,Donegal,25,184,48,45,4,6,37,146,11,141,198,175
2020Q4,Sligo/Leitrim,22,83,24,20,0,5,25,105,2,70,120,106
2020Q4,Louth,28,142,44,24,1,7,86,339,12,212,232,202
2020Q4,Clare,12,60,27,1,1,2,42,163,13,110,66,60
2020Q4,Mayo,9,79,26,8,1,1,24,121,5,70,76,67
2020Q4,Galway,28,221,65,4,4,15,88,354,21,116,322,286
2020Q4,Roscommon/Longford,18,67,34,21,1,3,30,131,3,62,98,93
2020Q4,Cork City,50,282,70,9,8,16,77,543,37,369,491,452
2020Q4,Cork North,24,129,48,36,1,4,35,134,12,191,172,158
2020Q4,Cork West,14,68,20,27,0,3,6,78,7,112,84,71
2020Q4,Kerry,13,148,34,24,2,6,54,164,9,124,202,186
2020Q4,Limerick,25,206,36,31,10,10,128,625,31,191,337,192
2020Q4,Laois/Offaly,28,162,42,16,2,3,53,248,24,188,143,127
2020Q4,Meath,30,129,81,12,1,12,80,368,46,128,130,116
2020Q4,Wicklow,28,109,29,27,1,5,72,269,15,144,135,118
2020Q4,Westmeath,11,86,24,4,3,2,37,168,9,110,88,81
2020Q4,Kildare,24,183,46,46,3,8,115,355,25,208,183,152
2020Q4,Tipperary,22,129,48,17,1,2,69,250,15,182,190,165
2020Q4,Wexford,28,130,30,15,1,6,86,205,11,107,92,77
2020Q4,Kilkenny/Carlow,31,107,32,15,2,3,44,171,6,164,188,175
2020Q4,Waterford,14,121,39,44,0,11,51,256,13,250,211,193
2020Q4,D.M.R. South Central,29,229,28,15,1,72,205,1194,57,307,827,725
2020Q4,D.M.R. North Central,30,277,38,15,1,51,130,1114,75,356,656,499
2020Q4,D.M.R. Northern,56,391,57,26,2,68,243,1372,143,370,358,307
2020Q4,D.M.R. Southern,46,207,48,33,5,43,263,933,82,296,316,242
2020Q4,D.M.R. Eastern,26,117,27,9,2,18,232,717,57,85,198,148
2020Q4,D.M.R. Western,55,369,90,70,10,57,261,1360,144,751,408,335
2021Q1,Cavan/Monaghan,27,160,60,37,1,5,36,157,18,95,205,190
2021Q1,Donegal,27,183,59,58,5,3,27,104,7,154,180,168
2021Q1,Sligo/Leitrim,17,76,31,23,0,3,34,90,3,58,121,110
2021Q1,Louth,28,159,26,21,1,16,77,315,23,222,226,186
2021Q1,Clare,18,92,22,1,0,3,28,162,9,73,113,94
2021Q1,Mayo,17,113,28,5,1,4,35,111,10,86,101,88
2021Q1,Galway,38,214,74,9,0,12,78,331,19,139,356,306
2021Q1,Roscommon/Longford,17,87,24,20,2,0,24,99,4,132,102,91
2021Q1,Cork City,37,252,60,11,5,13,60,487,43,498,500,448
2021Q1,Cork North,22,135,35,31,1,4,26,114,10,210,153,141
2021Q1,Cork West,15,83,17,37,0,3,13,72,7,106,65,60
2021Q1,Kerry,21,124,27,10,1,4,18,161,11,142,209,182
2021Q1,Limerick,34,161,37,43,17,9,77,583,41,250,372,218
2021Q1,Laois/Offaly,29,171,25,16,0,8,46,223,16,153,146,121
2021Q1,Meath,28,107,63,5,1,6,85,289,32,155,109,99
2021Q1,Wicklow,24,86,17,16,1,7,82,224,12,183,104,84
2021Q1,Westmeath,22,94,26,7,0,5,36,162,10,97,91,74
2021Q1,Kildare,33,184,61,55,2,7,81,343,21,233,212,183
2021Q1,Tipperary,28,135,52,12,1,7,70,248,29,187,250,227
2021Q1,Wexford,50,117,34,9,2,4,97,224,10,90,77,71
2021Q1,Kilkenny/Carlow,31,88,31,13,7,7,49,173,12,153,184,168
2021Q1,Waterford,22,155,37,46,1,8,45,207,10,277,189,180
2021Q1,D.M.R. South Central,37,219,23,26,5,54,155,982,55,246,694,639
2021Q1,D.M.R. North Central,34,299,43,16,2,70,99,901,70,314,598,446
2021Q1,D.M.R. Northern,46,402,60,34,5,72,162,1098,149,368,398,300
2021Q1,D.M.R. Southern,68,219,41,39,3,37,116,804,82,279,306,243
2021Q1,D.M.R. Eastern,31,112,16,19,2,19,119,636,38,166,208,165
2021Q1,D.M.R. Western,64,395,84,68,4,61,174,1222,149,776,430,363
2021Q2,Cavan/Monaghan,32,170,67,23,1,6,50,161,5,89,194,180
2021Q2,Donegal,36,165,51,69,2,6,26,98,14,96,195,180
2021Q2,Sligo/Leitrim,26,93,26,30,0,1,31,82,3,59,132,118
2021Q2,Louth,36,180,39,16,4,9,72,312,23,232,222,201
2021Q2,Clare,19,92,20,4,2,6,24,153,4,70,94,81
2021Q2,Mayo,22,99,22,8,1,3,19,106,4,81,123,112
2021Q2,Galway,42,254,55,11,1,12,90,348,17,133,434,378
2021Q2,Roscommon/Longford,16,90,26,14,1,0,38,108,5,90,100,89
2021Q2,Cork City,53,281,50,16,4,16,64,540,57,407,559,505
2021Q2,Cork North,23,153,34,29,0,4,53,126,11,159,170,151
2021Q2,Cork West,32,70,33,25,2,1,19,76,5,78,89,75
2021Q2,Kerry,23,129,42,14,1,2,41,164,8,137,219,204
2021Q2,Limerick,36,223,35,35,8,10,97,643,31,233,332,186
2021Q2,Laois/Offaly,40,210,42,12,1,7,98,236,19,144,178,157
2021Q2,Meath,41,147,63,5,0,6,78,367,27,129,126,103
2021Q2,Wicklow,20,91,21,21,2,9,61,262,18,186,141,116
2021Q2,Westmeath,20,109,28,4,1,7,59,182,13,63,113,106
2021Q2,Kildare,44,198,49,47,3,6,83,416,31,211,191,169
2021Q2,Tipperary,37,143,61,11,1,2,64,236,22,202,223,206
2021Q2,Wexford,29,147,34,13,0,2,70,226,17,117,106,92
2021Q2,Kilkenny/Carlow,32,107,35,12,3,4,43,183,9,182,190,172
2021Q2,Waterford,21,188,42,41,0,6,48,252,17,237,231,212
2021Q2,D.M.R. South Central,33,256,31,22,3,64,163,1141,71,255,767,698
2021Q2,D.M.R. North Central,37,275,47,21,4,48,122,966,69,298,582,416
2021Q2,D.M.R. Northern,60,395,66,37,3,46,147,1225,154,356,356,278
2021Q2,D.M.R. Southern,51,197,38,28,2,25,108,845,78,322,330,273
2021Q2,D.M.R. Eastern,36,128,20,14,0,15,96,583,35,117,167,134
2021Q2,D.M.R. Western,70,399,75,50,8,47,176,1255,167,695,383,303
2021Q3,Cavan/Monaghan,31,183,70,27,1,4,48,156,8,70,256,249
2021Q3,Donegal,39,218,68,50,1,7,38,119,16,102,242,220
2021Q3,Sligo/Leitrim,19,90,27,24,2,4,39,103,7,52,127,118
2021Q3,Louth,31,182,49,8,2,10,76,348,29,171,252,222
2021Q3,Clare,12,96,21,1,2,2,43,193,17,70,100,93
2021Q3,Mayo,19,108,47,4,0,3,21,124,6,60,130,119
2021Q3,Galway,53,313,87,11,2,16,72,418,26,94,399,367
2021Q3,Roscommon/Longford,10,103,40,12,2,0,35,77,4,93,101,88
2021Q3,Cork City,40,323,65,11,5,13,62,623,66,341,583,540
2021Q3,Cork North,22,165,52,34,1,4,36,147,9,130,201,182
2021Q3,Cork West,14,103,27,15,1,4,15,86,2,63,88,80
2021Q3,Kerry,38,167,57,7,1,1,39,206,11,120,226,203
2021Q3,Limerick,45,244,55,40,8,14,149,781,44,189,355,251
2021Q3,Laois/Offaly,24,178,27,3,2,8,75,253,19,107,193,168
2021Q3,Meath,23,143,61,1,1,9,59,341,35,99,128,112
2021Q3,Wicklow,21,98,27,14,0,10,69,272,11,131,99,81
2021Q3,Westmeath,15,107,35,4,2,7,42,179,9,66,111,104
2021Q3,Kildare,44,193,62,53,1,9,102,434,28,203,188,158
2021Q3,Tipperary,15,138,55,13,1,5,57,215,23,164,242,223
2021Q3,Wexford,24,169,44,11,0,5,87,239,21,81,168,155
2021Q3,Kilkenny/Carlow,19,120,22,12,2,12,47,220,10,130,217,202
2021Q3,Waterford,37,212,57,27,0,10,53,326,19,225,319,298
2021Q3,D.M.R. South Central,39,282,25,23,2,64,195,1264,86,243,695,615
2021Q3,D.M.R. North Central,50,275,39,18,0,60,123,1070,66,270,661,457
2021Q3,D.M.R. Northern,49,410,55,32,5,72,143,1310,164,299,363,290
2021Q3,D.M.R. Southern,35,209,41,32,1,29,138,929,89,215,297,249
2021Q3,D.M.R. Eastern,31,118,28,11,1,15,118,640,40,102,173,119
2021Q3,D.M.R. Western,49,421,69,68,2,58,177,1469,179,630,353,301
2021Q4,Cavan/Monaghan,23,209,73,20,0,7,62,179,20,75,275,252
2021Q4,Donegal,30,167,74,48,1,6,31,103,11,79,254,233
2021Q4,Sligo/Leitrim,15,101,37,22,1,3,38,138,4,49,137,130
2021Q4,Louth,25,187,48,12,2,15,69,371,27,169,245,226
2021Q4,Clare,14,107,37,4,1,7,41,167,5,49,74,61
2021Q4,Mayo,27,155,50,9,2,6,31,126,6,51,145,127
2021Q4,Galway,49,271,78,15,5,7,118,390,24,103,350,302
2021Q4,Roscommon/Longford,14,83,30,12,1,1,62,107,8,60,99,85
2021Q4,Cork City,70,342,68,12,7,27,62,540,47,353,670,580
2021Q4,Cork North,15,171,41,31,1,6,41,122,8,170,200,182
2021Q4,Cork West,23,87,26,24,0,1,18,52,3,64,95,78
2021Q4,Kerry,22,157,49,20,0,5,35,167,4,134,266,244
2021Q4,Limerick,37,300,49,21,10,11,112,751,32,156,322,228
2021Q4,Laois/Offaly,34,186,50,11,2,6,91,256,21,113,221,198
2021Q4,Meath,30,151,71,8,1,7,98,298,30,123,143,115
2021Q4,Wicklow,21,82,26,17,1,11,45,229,10,123,123,96
2021Q4,Westmeath,10,133,38,4,0,2,55,184,13,64,138,126
2021Q4,Kildare,31,195,65,55,1,17,123,407,21,191,199,173
2021Q4,Tipperary,29,148,56,10,3,7,58,232,18,178,274,249
2021Q4,Wexford,40,132,41,12,0,3,84,258,17,75,133,119
2021Q4,Kilkenny/Carlow,15,111,34,9,1,4,69,202,7,118,251,233
2021Q4,Waterford,26,185,43,23,0,10,39,296,13,171,284,255
2021Q4,D.M.R. South Central,42,254,34,36,2,84,213,1346,78,236,766,667
2021Q4,D.M.R. North Central,43,289,48,19,1,55,127,1198,95,240,628,429
2021Q4,D.M.R. Northern,38,398,84,26,7,54,162,1278,211,275,345,246
2021Q4,D.M.R. Southern,45,218,48,31,4,28,187,902,104,203,254,213
2021Q4,D.M.R. Eastern,30,124,33,17,2,20,145,617,41,107,174,134
2021Q4,D.M.R. Western,48,437,76,53,6,53,221,1541,201,539,412,345
